TokenID,Token_text,total_token_count,sentence_count,dependent_word_count,POS_Dependencies
1489,благоухание,0,0,0,
273,тухлятина,0,0,0,
2574,вонь,3,1,2,"CCONJ: 1, NOUN: 1"
951,запашок,1,1,3,"VERB_CHILD: 1, OTHER: 2"
2614,обоняние,0,0,0,
2520,нюхать,0,0,0,
2466,чадо,0,0,0,
2196,потный,1,0,0,
1750,испарение,0,0,0,
176,разить,0,0,0,
576,чадо,0,0,0,
1003,благоухать,0,0,0,
292,аромат,0,0,0,
1331,чадить,0,0,0,
2784,попахивать,0,0,0,
663,запашок,1,1,1,ADJ: 1
1552,аромат,0,0,0,
1589,букет,2,2,4,"NOUN: 1, VERB_HEAD: 1, OTHER: 1, ADJ: 1"
1811,душок,0,0,0,
2204,пот,2,2,3,OTHER: 3
1373,букет,1,1,2,"ADJ: 1, OTHER: 1"
764,перегар,0,0,0,
556,фимиам,0,0,0,
2469,пахучий,0,0,0,
1268,перегар,0,0,0,
2749,потеть,0,0,0,
173,вонять,0,0,0,
2276,обоняние,0,0,0,
876,благовоние,0,0,0,
161,амбре,0,0,0,
3202,чадо,0,0,0,
113,вонь,1,1,3,"OTHER: 2, VERB_HEAD: 1"
2172,потный,0,0,0,
2983,ароматный,0,0,0,
1595,душок,0,0,0,
3097,дуновение,1,1,3,"DET: 2, VERB_HEAD: 1"
2990,перегар,0,0,0,
815,дуновение,0,0,0,
1422,амбре,0,0,0,
3150,вонять,0,0,0,
2054,дуновение,0,0,0,
1004,попахивать,0,0,0,
2702,потный,0,0,0,
3071,потеть,0,0,0,
2404,ароматный,0,0,0,
57,испарение,0,0,0,
1313,миазмы,0,0,0,
19,пригарь,0,0,0,
2721,запашок,0,0,0,
824,попахивать,0,0,0,
1262,дух,0,0,0,
357,разить,0,0,0,
2366,нюхать,0,0,0,
769,благоухание,0,0,0,
266,зловоние,0,0,0,
2543,тухлятина,0,0,0,
1550,дух,1,1,3,"OTHER: 1, ADJ: 1, VERB_HEAD: 1"
1287,навоз,3,2,4,"VERB_HEAD: 2, OTHER: 2"
366,вонь,3,3,10,"VERB_HEAD: 2, OTHER: 2, ADJ: 4, NOUN: 2"
307,амбра,0,0,0,
3199,разить,0,0,0,
91,пригарь,0,0,0,
305,миазмы,0,0,0,
743,дуновение,3,3,10,"VERB_HEAD: 3, ADJ: 2, OTHER: 3, NOUN: 2"
1484,перегар,1,1,2,"ADJ: 1, VERB_HEAD: 1"
10,душок,0,0,0,
1940,вонючий,0,0,0,
3068,пахучий,0,0,0,
2636,испарение,0,0,0,
1602,амбре,0,0,0,
2773,тухлятина,0,0,0,
2544,испарение,0,0,0,
823,благоухать,0,0,0,
50,запашок,0,0,0,
13,зловоние,0,0,0,
1319,дуновение,0,0,0,
2,одеколон,3,2,4,"NOUN: 1, VERB_HEAD: 3"
2770,амбре,0,0,0,
1603,амбра,0,0,0,
246,вонять,0,0,0,
1942,душистый,0,0,0,
2857,благоухание,0,0,0,
2799,ароматный,0,0,0,
2140,потеть,0,0,0,
1522,парфюм,0,0,0,
1967,вонючий,0,0,0,
355,благоухать,0,0,0,
2575,запах,26,25,75,"ADJ: 19, VERB_HEAD: 18, ADV: 2, VERB: 3, CCONJ: 4, NOUN: 22, ADP: 5, DET: 2"
2952,фимиам,0,0,0,
2742,чадо,0,0,0,
1006,смердеть,0,0,0,
2683,дуновение,0,0,0,
3046,амбре,1,1,2,"VERB_HEAD: 1, CCONJ: 1"
453,тухлятина,0,0,0,
2099,пот,48,37,56,"OTHER: 19, NOUN: 3, VERB_HEAD: 17, ADJ: 14, VERB_CHILD: 3"
182,одеколон,0,0,0,
1950,пахучий,0,0,0,
528,ладан,1,0,0,
1549,пахнуть,0,0,0,
1474,смердеть,0,0,0,
1613,веять,0,0,0,
667,амбра,0,0,0,
481,благоухание,0,0,0,
2675,запашок,0,0,0,
1804,аромат,3,3,6,"OTHER: 2, VERB_HEAD: 2, ADJ: 2"
438,вонь,2,1,1,OTHER: 1
382,испарение,0,0,0,
2579,душок,0,0,0,
2526,аромат,0,0,0,
378,амбре,0,0,0,
2073,потный,0,0,0,
1349,миазмы,0,0,0,
3378,тоска,1,1,2,"NOUN: 1, VERB_HEAD: 1"
799,запах,13,13,31,"NOUN: 11, VERB_HEAD: 9, ADJ: 4, OTHER: 6, VERB_CHILD: 1"
1044,чадо,3,2,5,"ADV: 1, VERB_HEAD: 1, OTHER: 2, NOUN: 1"
1848,вонючий,2,0,0,
589,благоухание,0,0,0,
2925,чадить,0,0,0,
1167,запашок,0,0,0,
682,смердеть,0,0,0,
329,букет,0,0,0,
44,смрад,0,0,0,
1144,дерьмо,0,0,0,
2150,пот,7,5,7,"VERB_HEAD: 4, ADJ: 1, OTHER: 2"
2598,вонять,0,0,0,
1585,пахнуть,0,0,0,
1987,душистый,3,1,1,OTHER: 1
1022,зловоние,1,1,5,"VERB_HEAD: 1, NOUN: 2, OTHER: 2"
2951,запашок,0,0,0,
944,перегар,1,1,2,"OTHER: 1, ADJ: 1"
3035,запах,10,10,26,"DET: 1, CCONJ: 2, ADP: 2, VERB_HEAD: 6, PRON: 1, VERB: 1, PUNCT: 1, NOUN: 9, ADJ: 3"
2601,разить,0,0,0,
2760,перегар,0,0,0,
551,душок,2,2,7,"ADJ: 3, NOUN: 2, VERB_HEAD: 2"
948,благовоние,0,0,0,
1540,дерьмо,0,0,0,
2540,амбре,0,0,0,
3107,разить,0,0,0,
30,благоухать,0,0,0,
2828,вонять,0,0,0,
521,миазмы,0,0,0,
936,чадо,0,0,0,
981,смрад,0,0,0,
2149,потеть,0,0,0,
1334,дух,0,0,0,
2465,чадить,0,0,0,
249,разить,0,0,0,
255,одеколон,3,3,4,"VERB_HEAD: 3, NOUN: 1"
3308,тоска,11,9,24,"NOUN: 7, PRON: 1, ADP: 1, ADJ: 1, DET: 4, VERB: 1, VERB_HEAD: 5, PUNCT: 4"
1678,испарение,0,0,0,
296,перегар,0,0,0,
209,вонять,0,0,0,
2538,фимиам,0,0,0,
1747,амбра,0,0,0,
1748,пригарь,0,0,0,
947,душок,0,0,0,
972,чадо,0,0,0,
761,букет,4,3,6,"OTHER: 1, VERB_HEAD: 4, NOUN: 1"
2864,пригарь,0,0,0,
1084,аромат,0,0,0,
3374,тоска,0,0,0,
90,амбра,0,0,0,
2130,потный,0,0,0,
904,аромат,1,1,3,"VERB_HEAD: 1, ADJ: 1, NOUN: 1"
3032,аромат,1,1,2,"DET: 1, NOUN: 1"
3133,благоухание,0,0,0,
524,пригарь,0,0,0,
3311,скука,1,1,1,VERB_HEAD: 1
312,ладан,0,0,0,
862,смердеть,0,0,0,
1185,разить,0,0,0,
494,дым,9,7,15,"ADJ: 4, OTHER: 3, VERB_HEAD: 6, NOUN: 2"
3300,тоска,1,0,0,
1265,букет,1,1,2,"NOUN: 1, VERB_HEAD: 1"
2906,фимиам,0,0,0,
488,пригарь,0,0,0,
2255,обонять,0,0,0,
1101,тухлятина,0,0,0,
1048,аромат,0,0,0,
360,чадо,0,0,0,
1770,вонь,0,0,0,
99,дерьмо,0,0,0,
629,миазмы,0,0,0,
3057,веять,0,0,0,
1215,навоз,0,0,0,
2736,вонять,0,0,0,
2224,потеть,0,0,0,
2410,ароматный,0,0,0,
442,парфюм,0,0,0,
2866,испарение,0,0,0,
2254,обоняние,0,0,0,
1238,зловоние,0,0,0,
12,благоухание,0,0,0,
2426,ароматный,0,0,0,
1354,испарение,0,0,0,
2486,парфюм,0,0,0,
1283,дуновение,0,0,0,
1503,навоз,1,1,1,OTHER: 1
2494,амбре,0,0,0,
899,чадить,0,0,0,
2477,ароматный,0,0,0,
935,чадить,0,0,0,
2498,испарение,0,0,0,
264,благовоние,0,0,0,
2954,амбре,0,0,0,
384,ладан,0,0,0,
2475,ароматный,0,0,0,
2894,аромат,5,5,9,"VERB: 1, CCONJ: 1, ADJ: 2, NOUN: 2, VERB_HEAD: 2, ADP: 1"
2535,благоухание,0,0,0,
826,смердеть,0,0,0,
2737,благоухать,0,0,0,
431,чадить,0,0,0,
462,вонять,0,0,0,
2297,обонять,0,0,0,
3339,скука,6,2,6,"PUNCT: 2, PART: 3, NOUN: 1"
855,навоз,1,1,3,"OTHER: 2, VERB_HEAD: 1"
1615,благоухать,0,0,0,
1564,фимиам,0,0,0,
1397,веять,0,0,0,
2160,потный,0,0,0,
2126,пот,7,6,7,"ADJ: 1, OTHER: 3, VERB_HEAD: 3"
1579,благоухать,0,0,0,
768,благовоние,0,0,0,
2243,обонять,0,0,0,
838,парфюм,0,0,0,
2817,амбра,0,0,0,
3130,парфюм,0,0,0,
2292,обоняние,0,0,0,
2089,потеть,0,0,0,
1928,вонючий,0,0,0,
88,миазмы,0,0,0,
188,смрад,0,0,0,
461,веять,0,0,0,
240,ладан,0,0,0,
1878,душистый,1,0,0,
1467,навоз,0,0,0,
2155,потеть,0,0,0,
2792,пахучий,0,0,0,
703,амбра,0,0,0,
226,парфюм,0,0,0,
2413,ароматный,0,0,0,
1161,смрад,0,0,0,
2428,ароматный,0,0,0,
81,парфюм,0,0,0,
2455,пахнуть,0,0,0,
2153,пот,5,3,4,"ADJ: 2, VERB_HEAD: 2"
204,скверна,0,0,0,
1021,благоухание,1,1,1,VERB_HEAD: 1
5,вонь,0,0,0,
1165,благоухание,1,1,2,"OTHER: 1, VERB_HEAD: 1"
3406,тоска,2,1,3,"DET: 1, VERB_HEAD: 2"
3342,тоска,4,3,6,"ADJ: 2, PROPN: 1, VERB_HEAD: 3"
1429,скверна,0,0,0,
807,запашок,0,0,0,
2705,обонять,0,0,0,
361,пахнуть,0,0,0,
2971,чадить,0,0,0,
2227,потеть,0,0,0,
2865,тухлятина,0,0,0,
785,веять,0,0,0,
444,благовоние,0,0,0,
537,разить,0,0,0,
1914,пахучий,0,0,0,
1401,разить,0,0,0,
343,амбра,0,0,0,
2534,благовоние,0,0,0,
3246,зловонный,0,0,0,
2695,чадить,0,0,0,
2078,пот,3,3,6,"ADV: 1, VERB_HEAD: 3, ADJ: 2"
722,дух,0,0,0,
2474,пахучий,0,0,0,
2288,обоняние,0,0,0,
199,пригарь,0,0,0,
369,смрад,0,0,0,
3350,тоска,0,0,0,
2010,амбре,0,0,0,
1142,дым,22,10,20,"OTHER: 5, ADJ: 4, VERB_HEAD: 10, NOUN: 1"
740,пригарь,0,0,0,
2166,потный,0,0,0,
2986,аромат,6,6,11,"DET: 1, CCONJ: 1, VERB_HEAD: 4, ADJ: 1, NOUN: 2, PROPN: 1, ADP: 1"
230,зловоние,0,0,0,
1663,запах,17,16,39,"VERB_HEAD: 9, ADJ: 13, OTHER: 9, NOUN: 7, VERB_CHILD: 1"
78,запах,7,7,21,"OTHER: 4, NOUN: 4, PRON: 1, VERB_CHILD: 1, ADJ: 7, VERB_HEAD: 4"
573,разить,0,0,0,
1998,вонь,1,1,1,VERB_HEAD: 1
1451,душок,0,0,0,
2816,амбре,0,0,0,
2881,пахнуть,0,0,0,
2007,запашок,0,0,0,
2199,потный,0,0,0,
852,ладан,2,1,2,"NOUN: 1, OTHER: 1"
1927,душистый,0,0,0,
2354,нюхать,1,1,2,"VERB_HEAD: 1, ADV: 1"
1246,испарение,0,0,0,
2175,потный,0,0,0,
1852,пахучий,0,0,0,
1693,пахнуть,0,0,0,
713,веять,0,0,0,
3331,скука,0,0,0,
1205,миазмы,0,0,0,
448,фимиам,0,0,0,
701,миазмы,0,0,0,
1092,благовоние,0,0,0,
2757,букет,0,0,0,
3082,перегар,0,0,0,
863,чадить,0,0,0,
2688,дерьмо,0,0,0,
1886,пахучий,0,0,0,
289,пахнуть,0,0,0,
3000,амбре,0,0,0,
2762,парфюм,0,0,0,
1400,попахивать,0,0,0,
1462,испарение,0,0,0,
527,дуновение,2,2,8,"OTHER: 2, VERB_CHILD: 2, VERB_HEAD: 1, ADJ: 2, NOUN: 1"
627,запашок,0,0,0,
376,фимиам,0,0,0,
2963,навоз,0,0,0,
147,аромат,0,0,0,
2067,чадо,1,1,1,VERB_HEAD: 1
2711,букет,0,0,0,
1941,пахучий,0,0,0,
3019,пахнуть,0,0,0,
1470,вонять,0,0,0,
989,миазмы,0,0,0,
2278,обоняние,0,0,0,
535,благоухать,0,0,0,
1159,запах,33,30,82,"OTHER: 21, NOUN: 31, VERB_HEAD: 16, ADJ: 14"
2117,пот,4,1,2,"OTHER: 1, VERB_HEAD: 1"
642,вонять,0,0,0,
3056,дерьмо,0,0,0,
3409,скука,1,1,3,"ADJ: 1, VERB_HEAD: 1, PUNCT: 1"
2698,душистый,0,0,0,
725,букет,0,0,0,
3117,потеть,0,0,0,
832,аромат,5,5,15,"VERB_CHILD: 1, ADJ: 4, VERB_HEAD: 3, NOUN: 3, OTHER: 4"
1784,пригарь,0,0,0,
1001,веять,0,0,0,
1469,веять,0,0,0,
2656,потный,0,0,0,
2242,обоняние,0,0,0,
2024,попахивать,0,0,0,
1305,смрад,1,0,0,
2679,амбра,0,0,0,
2699,вонючий,0,0,0,
3192,дым,5,5,13,"VERB_HEAD: 4, ADJ: 8, NOUN: 1"
1869,душистый,0,0,0,
2050,амбра,0,0,0,
1293,разить,0,0,0,
2312,обоняние,0,0,0,
2133,потный,0,0,0,
3079,букет,2,1,3,"ADJ: 1, NOUN: 1, CCONJ: 1"
158,запашок,0,0,0,
2943,запах,0,0,0,
1783,амбра,0,0,0,
1588,аромат,0,0,0,
2939,одеколон,0,0,0,
2305,обонять,0,0,0,
1180,дерьмо,0,0,0,
385,скверна,0,0,0,
2375,нюхать,0,0,0,
544,аромат,1,1,2,"OTHER: 1, VERB_HEAD: 1"
1631,душок,0,0,0,
2120,пот,1,0,0,
2163,потный,0,0,0,
606,вонять,0,0,0,
1667,душок,1,1,1,ADJ: 1
308,пригарь,0,0,0,
2852,перегар,0,0,0,
614,дух,1,1,2,"VERB_HEAD: 1, ADJ: 1"
2712,вонь,0,0,0,
1607,дуновение,0,0,0,
966,вонять,0,0,0,
1055,душок,0,0,0,
2148,потный,0,0,0,
2110,потеть,0,0,0,
1752,ладан,2,1,1,NOUN: 1
846,амбре,0,0,0,
2982,обоняние,0,0,0,
1642,испарение,0,0,0,
1580,попахивать,0,0,0,
3344,тоска,2,2,3,"VERB_HEAD: 1, NOUN: 1, CCONJ: 1"
2907,миазмы,0,0,0,
1554,вонь,0,0,0,
2431,ароматный,0,0,0,
2606,душистый,3,1,1,CCONJ: 1
3239,зловонный,0,0,0,
3010,дерьмо,0,0,0,
1799,чадить,0,0,0,
1509,разить,0,0,0,
2075,пот,12,11,21,"ADJ: 2, VERB_CHILD: 1, PRON: 1, OTHER: 5, NOUN: 1, VERB_HEAD: 11"
2124,потный,0,0,0,
849,тухлятина,0,0,0,
2055,ладан,1,1,1,OTHER: 1
1905,пахучий,0,0,0,
1698,вонь,0,0,0,
919,амбра,0,0,0,
2841,потеть,0,0,0,
1894,душистый,1,0,0,
1673,миазмы,0,0,0,
3170,аромат,0,0,0,
961,скверна,0,0,0,
2215,потеть,0,0,0,
2403,ароматный,0,0,0,
269,миазмы,0,0,0,
2311,обонять,0,0,0,
1728,чадо,0,0,0,
2592,ладан,0,0,0,
3191,скверна,0,0,0,
1444,аромат,0,0,0,
1090,парфюм,0,0,0,
349,скверна,0,0,0,
2953,миазмы,0,0,0,
2756,аромат,2,2,6,"PUNCT: 2, NOUN: 2, VERB_HEAD: 1, PROPN: 1"
766,парфюм,0,0,0,
1978,душистый,1,0,0,
1789,скверна,0,0,0,
2065,смердеть,0,0,0,
1024,фимиам,0,0,0,
2690,вонять,0,0,0,
1954,душистый,0,0,0,
2826,дерьмо,0,0,0,
1028,пригарь,0,0,0,
29,вонять,0,0,0,
4,букет,3,3,8,"OTHER: 4, VERB_HEAD: 1, ADJ: 1, NOUN: 2"
3318,тоска,66,53,110,"ADV: 1, NOUN: 14, VERB_HEAD: 44, CCONJ: 2, ADJ: 20, DET: 18, PRON: 4, PART: 5, VERB: 2"
96,скверна,0,0,0,
844,фимиам,0,0,0,
1039,благоухать,0,0,0,
6,запах,38,33,99,"ADJ: 15, PRON: 1, NOUN: 28, VERB_CHILD: 5, OTHER: 22, VERB_HEAD: 28"
1551,одеколон,0,0,0,
2628,зловоние,0,0,0,
1148,попахивать,0,0,0,
2200,потеть,0,0,0,
1979,вонючий,0,0,0,
1432,дерьмо,0,0,0,
1650,вонять,0,0,0,
66,благоухать,0,0,0,
1919,вонючий,0,0,0,
458,дым,176,129,268,"ADJ: 47, ADV: 3, OTHER: 53, PRON: 1, NOUN: 54, VERB_CHILD: 7, VERB_HEAD: 103"
1970,вонючий,0,0,0,
368,перегар,0,0,0,
3364,тоска,0,0,0,
1850,душистый,0,0,0,
538,смердеть,0,0,0,
3050,испарение,0,0,0,
2470,ароматный,0,0,0,
2023,благоухать,0,0,0,
2167,потеть,0,0,0,
2998,фимиам,0,0,0,
2815,миазмы,0,0,0,
872,перегар,0,0,0,
3058,вонять,0,0,0,
1140,ладан,0,0,0,
1054,парфюм,0,0,0,
1965,пахучий,0,0,0,
1005,разить,0,0,0,
1449,смрад,0,0,0,
3009,навоз,1,1,1,ADP: 1
217,дух,0,0,0,
3248,зловонный,0,0,0,
2877,разить,0,0,0,
1601,миазмы,0,0,0,
1737,смрад,0,0,0,
2092,потеть,0,0,0,
2658,нюхать,1,1,2,"SCONJ: 1, NOUN: 1"
2173,потеть,0,0,0,
1721,веять,0,0,0,
2845,ароматный,0,0,0,
931,благоухать,0,0,0,
3125,букет,0,0,0,
1706,зловоние,0,0,0,
2444,ароматный,0,0,0,
718,смердеть,0,0,0,
1712,пригарь,0,0,0,
1654,смердеть,0,0,0,
1364,попахивать,0,0,0,
1889,пахучий,0,0,0,
229,благоухание,0,0,0,
788,попахивать,0,0,0,
2234,обоняние,0,0,0,
2190,потный,0,0,0,
2344,нюхать,0,0,0,
900,чадо,0,0,0,
996,ладан,0,0,0,
762,вонь,0,0,0,
1197,смрад,0,0,0,
1063,амбра,0,0,0,
69,смердеть,0,0,0,
2617,одеколон,8,6,7,"VERB_HEAD: 3, ADP: 4"
2369,нюхать,0,0,0,
1912,душистый,0,0,0,
2546,ладан,1,0,0,
2264,обоняние,1,1,7,"NOUN: 2, OTHER: 3, ADJ: 2"
782,дым,0,0,0,
1514,дух,0,0,0,
1338,вонь,0,0,0,
3100,дым,5,4,7,"VERB_HEAD: 2, ADV: 1, VERB: 1, ADJ: 3"
1359,навоз,0,0,0,
1079,чадить,0,0,0,
1445,букет,0,0,0,
1141,скверна,0,0,0,
1329,разить,0,0,0,
659,душок,1,1,2,"NOUN: 1, ADJ: 1"
2238,обоняние,0,0,0,
2233,обонять,0,0,0,
279,навоз,0,0,0,
1481,букет,0,0,0,
1480,аромат,0,0,0,
9,парфюм,0,0,0,
3291,скука,0,0,0,
565,скверна,0,0,0,
566,дым,11,10,21,"ADJ: 5, OTHER: 6, NOUN: 4, VERB_HEAD: 6"
592,фимиам,0,0,0,
553,благоухание,0,0,0,
1640,пригарь,0,0,0,
1520,перегар,0,0,0,
1968,пахучий,0,0,0,
927,навоз,3,3,5,"PRON: 1, VERB_HEAD: 2, OTHER: 2"
3315,скука,0,0,0,
2519,потеть,0,0,0,
2510,смердеть,0,0,0,
398,дух,0,0,0,
2641,навоз,1,1,3,"ADP: 1, VERB_HEAD: 1, ADJ: 1"
1732,аромат,0,0,0,
1233,смрад,0,0,0,
165,испарение,0,0,0,
2266,обоняние,1,1,3,"OTHER: 2, VERB_HEAD: 1"
2162,пот,7,5,9,"VERB_HEAD: 1, ADJ: 4, NOUN: 1, OTHER: 3"
56,тухлятина,0,0,0,
3226,зловонный,0,0,0,
3059,благоухать,0,0,0,
2231,обонять,0,0,0,
820,дерьмо,0,0,0,
2427,ароматный,0,0,0,
245,веять,0,0,0,
2615,ароматный,0,0,0,
2901,душок,0,0,0,
1326,вонять,0,0,0,
3016,смердеть,0,0,0,
2670,парфюм,0,0,0,
1807,запах,5,5,14,"ADJ: 3, VERB_HEAD: 4, NOUN: 5, OTHER: 2"
1127,душок,0,0,0,
1060,фимиам,0,0,0,
2348,нюхать,0,0,0,
1017,смрад,6,6,12,"VERB_HEAD: 6, OTHER: 3, VERB_CHILD: 1, ADJ: 2"
484,фимиам,0,0,0,
144,пахнуть,0,0,0,
1885,вонючий,0,0,0,
1754,дым,4,4,9,"VERB_HEAD: 3, NOUN: 2, OTHER: 1, ADJ: 3"
1224,чадо,0,0,0,
168,скверна,0,0,0,
3222,зловонный,0,0,0,
2169,потный,1,0,0,
1930,душистый,0,0,0,
2417,ароматный,0,0,0,
2868,ладан,0,0,0,
2625,душок,0,0,0,
2499,дуновение,0,0,0,
2497,тухлятина,0,0,0,
3084,парфюм,0,0,0,
2886,потный,0,0,0,
1859,смердеть,0,0,0,
2729,дуновение,0,0,0,
2058,навоз,12,12,18,"ADV: 1, NOUN: 2, VERB_HEAD: 5, OTHER: 9, ADJ: 1"
3414,тоска,5,5,7,"NOUN: 1, PROPN: 1, DET: 2, ADJ: 1, PUNCT: 1, VERB_HEAD: 1"
2718,благовоние,1,1,1,VERB_HEAD: 1
2217,потный,2,1,2,"PRON: 1, OTHER: 1"
1035,навоз,11,10,17,"VERB_CHILD: 1, OTHER: 8, ADJ: 3, VERB_HEAD: 5"
41,вонь,0,0,0,
3361,скука,0,0,0,
32,разить,0,0,0,
3184,амбре,0,0,0,
247,благоухать,0,0,0,
3027,обонять,0,0,0,
423,навоз,1,1,2,"VERB_HEAD: 1, NOUN: 1"
3329,скука,4,3,8,"NUM: 1, NOUN: 2, PUNCT: 1, VERB_HEAD: 2, CCONJ: 1, ADJ: 1"
1881,душистый,0,0,0,
1621,пахнуть,0,0,0,
1182,вонять,0,0,0,
411,запашок,0,0,0,
2186,пот,5,5,14,"OTHER: 5, VERB_HEAD: 2, ADJ: 2, NOUN: 3, VERB_CHILD: 2"
672,ладан,1,1,4,"OTHER: 1, NOUN: 2, ADJ: 1"
2083,потеть,0,0,0,
3387,скука,3,3,7,"ADJ: 2, NOUN: 1, VERB_HEAD: 2, NUM: 2"
1454,зловоние,0,0,0,
316,дерьмо,0,0,0,
3065,пахнуть,0,0,0,
1282,испарение,0,0,0,
256,аромат,0,0,0,
628,фимиам,1,1,3,"OTHER: 1, ADJ: 1, VERB_HEAD: 1"
3337,скука,5,2,6,"VERB_HEAD: 3, ADP: 1, NOUN: 1, DET: 1"
3145,скверна,0,0,0,
1860,душистый,0,0,0,
422,дым,11,6,11,"NOUN: 3, OTHER: 3, ADJ: 1, VERB_HEAD: 4"
185,вонь,0,0,0,
215,чадо,0,0,0,
3148,дерьмо,0,0,0,
1526,зловоние,1,1,2,"VERB_HEAD: 1, NOUN: 1"
3106,попахивать,0,0,0,
2759,запах,3,3,7,"VERB_HEAD: 3, NOUN: 4"
2253,обонять,0,0,0,
1541,веять,0,0,0,
1531,амбра,0,0,0,
2607,вонючий,7,4,6,"ADJ: 1, ADV: 2, CCONJ: 1, NOUN: 1, VERB_HEAD: 1"
1671,запашок,0,0,0,
314,дым,25,12,36,"OTHER: 9, VERB_CHILD: 2, NOUN: 10, ADJ: 4, PRON: 1, VERB_HEAD: 10"
1274,зловоние,0,0,0,
426,вонять,1,1,5,"OTHER: 1, ADV: 1, PRON: 1, VERB_HEAD: 1, NOUN: 1"
2808,парфюм,0,0,0,
1805,букет,1,1,1,OTHER: 1
877,благоухание,0,0,0,
2822,ладан,0,0,0,
1113,разить,0,0,0,
1317,тухлятина,0,0,0,
3135,запашок,0,0,0,
1702,парфюм,0,0,0,
971,чадить,0,0,0,
1825,скверна,0,0,0,
2342,нюхать,0,0,0,
1759,благоухать,0,0,0,
1707,запашок,0,0,0,
941,букет,3,2,5,"NOUN: 1, VERB_HEAD: 2, VERB_CHILD: 1, ADJ: 1"
2761,смрад,0,0,0,
949,благоухание,1,1,4,"VERB_HEAD: 1, NOUN: 1, OTHER: 1, ADJ: 1"
2707,ароматный,0,0,0,
2433,ароматный,0,0,0,
135,дерьмо,0,0,0,
1064,пригарь,0,0,0,
1193,букет,0,0,0,
879,запашок,0,0,0,
3085,душок,0,0,0,
2795,потеть,0,0,0,
1169,миазмы,0,0,0,
1994,дух,12,9,16,"OTHER: 3, VERB_CHILD: 1, ADJ: 2, NOUN: 2, VERB_HEAD: 8"
3203,пахнуть,0,0,0,
1171,амбра,0,0,0,
1138,испарение,0,0,0,
239,дуновение,0,0,0,
1353,тухлятина,0,0,0,
2418,ароматный,0,0,0,
1688,попахивать,0,0,0,
2937,ароматный,0,0,0,
2495,амбра,0,0,0,
2946,парфюм,0,0,0,
755,чадить,0,0,0,
1184,попахивать,0,0,0,
1031,дуновение,1,1,2,"OTHER: 1, VERB_HEAD: 1"
1670,зловоние,0,0,0,
15,фимиам,0,0,0,
3013,благоухать,0,0,0,
1865,пахучий,0,0,0,
1129,благоухание,0,0,0,
859,благоухать,0,0,0,
842,зловоние,0,0,0,
767,душок,0,0,0,
2062,благоухать,0,0,0,
1367,чадить,0,0,0,
244,дерьмо,0,0,0,
1192,аромат,0,0,0,
2206,потеть,0,0,0,
1124,перегар,0,0,0,
1717,скверна,0,0,0,
1738,парфюм,0,0,0,
1725,разить,0,0,0,
1243,амбра,0,0,0,
2584,фимиам,0,0,0,
2379,нюхать,1,1,3,"OTHER: 1, VERB_HEAD: 1, NOUN: 1"
960,ладан,0,0,0,
1516,аромат,0,0,0,
2464,смердеть,0,0,0,
2008,фимиам,0,0,0,
786,вонять,0,0,0,
3242,зловонный,0,0,0,
2210,пот,25,23,41,"ADJ: 8, VERB_HEAD: 18, NOUN: 2, VERB_CHILD: 1, OTHER: 12"
804,благовоние,0,0,0,
2947,душок,0,0,0,
1934,вонючий,0,0,0,
866,дух,0,0,0,
2047,фимиам,0,0,0,
1542,вонять,0,0,0,
991,амбра,0,0,0,
2844,обоняние,0,0,0,
776,пригарь,0,0,0,
2887,потеть,0,0,0,
3332,тоска,0,0,0,
3348,тоска,1,1,1,ADJ: 1
1636,фимиам,0,0,0,
1121,букет,3,3,7,"ADJ: 1, VERB_HEAD: 1, OTHER: 1, NOUN: 4"
2493,миазмы,1,1,1,DET: 1
1882,вонючий,0,0,0,
2262,обоняние,0,0,0,
724,аромат,2,2,6,"ADJ: 1, VERB_CHILD: 1, OTHER: 2, VERB_HEAD: 2"
3219,зловонный,0,0,0,
1785,тухлятина,0,0,0,
1323,навоз,2,2,4,"ADJ: 1, VERB_HEAD: 1, OTHER: 2"
2405,ароматный,0,0,0,
1714,испарение,0,0,0,
372,благовоние,0,0,0,
339,запашок,0,0,0,
2041,парфюм,0,0,0,
2647,разить,0,0,0,
2287,обонять,0,0,0,
1931,вонючий,0,0,0,
2521,обонять,0,0,0,
591,запашок,0,0,0,
808,фимиам,1,1,3,"ADJ: 2, VERB_HEAD: 1"
3156,чадо,0,0,0,
1399,благоухать,0,0,0,
2732,дым,10,8,16,"VERB_HEAD: 7, ADJ: 3, VERB: 2, ADP: 4"
986,зловоние,0,0,0,
857,веять,0,0,0,
20,тухлятина,0,0,0,
1341,смрад,0,0,0,
1074,вонять,0,0,0,
1999,запах,14,14,45,"VERB_HEAD: 13, VERB_CHILD: 3, ADJ: 11, NOUN: 5, OTHER: 13"
2840,потный,0,0,0,
2482,вонь,0,0,0,
1111,благоухать,0,0,0,
1082,дух,0,0,0,
203,ладан,0,0,0,
789,разить,0,0,0,
2277,обонять,0,0,0,
3297,скука,2,1,1,VERB_HEAD: 1
2720,зловоние,0,0,0,
2249,обонять,0,0,0,
511,запах,17,16,37,"ADJ: 7, VERB_CHILD: 1, VERB_HEAD: 9, PRON: 1, NOUN: 12, OTHER: 6, ADV: 1"
3330,тоска,1,0,0,
1351,амбра,0,0,0,
3319,скука,5,2,7,"CCONJ: 1, DET: 1, VERB_HEAD: 1, ADJ: 1, PUNCT: 1, VERB: 2"
1660,аромат,5,5,16,"VERB_CHILD: 1, VERB_HEAD: 5, NOUN: 3, ADJ: 2, OTHER: 5"
1183,благоухать,0,0,0,
2914,ладан,4,2,2,VERB_HEAD: 2
1333,пахнуть,1,1,4,"OTHER: 1, NOUN: 2, VERB_HEAD: 1"
1610,дым,20,16,37,"NOUN: 8, ADJ: 2, VERB_CHILD: 1, PRON: 2, VERB_HEAD: 9, OTHER: 15"
3411,скука,14,8,14,"VERB_HEAD: 2, SCONJ: 1, NOUN: 3, DET: 2, CCONJ: 2, PUNCT: 1, PROPN: 1, ADJ: 1, ADP: 1"
943,запах,20,18,54,"VERB_CHILD: 1, ADJ: 8, NOUN: 17, ADV: 1, OTHER: 12, VERB_HEAD: 14, PRON: 1"
2929,вонючий,0,0,0,
2408,ароматный,0,0,0,
1466,дым,1,1,2,"VERB_HEAD: 1, OTHER: 1"
323,чадить,0,0,0,
348,ладан,0,0,0,
112,букет,1,1,2,"NOUN: 1, OTHER: 1"
560,пригарь,0,0,0,
2113,потеть,0,0,0,
2944,перегар,0,0,0,
268,фимиам,0,0,0,
1745,миазмы,0,0,0,
2016,ладан,5,3,8,"ADJ: 2, NOUN: 1, VERB_HEAD: 3, OTHER: 2"
2492,фимиам,0,0,0,
1657,пахнуть,1,1,2,"VERB_HEAD: 1, PRON: 1"
2730,ладан,0,0,0,
988,фимиам,0,0,0,
590,зловоние,1,1,2,"VERB_CHILD: 1, VERB_HEAD: 1"
3074,обоняние,1,1,1,VERB: 1
2908,амбре,0,0,0,
82,душок,0,0,0,
2000,перегар,0,0,0,
1396,дерьмо,0,0,0,
1534,испарение,0,0,0,
202,дуновение,0,0,0,
2203,потеть,0,0,0,
3252,зловонный,0,0,0,
1906,душистый,0,0,0,
1981,душистый,0,0,0,
1176,ладан,2,2,6,"ADJ: 1, OTHER: 1, NOUN: 1, VERB_CHILD: 1, VERB_HEAD: 2"
2587,амбра,0,0,0,
1186,смердеть,0,0,0,
2316,обоняние,0,0,0,
1380,благовоние,0,0,0,
1147,благоухать,0,0,0,
917,миазмы,0,0,0,
2588,пригарь,0,0,0,
489,тухлятина,0,0,0,
1555,запах,9,9,22,"ADV: 1, OTHER: 4, PRON: 1, VERB_HEAD: 9, ADJ: 1, NOUN: 6"
3286,тоска,4,3,9,"DET: 2, VERB_HEAD: 1, ADJ: 1, INTJ: 1, NOUN: 2, PRON: 1, PART: 1"
2142,потный,1,1,2,"VERB_HEAD: 1, OTHER: 1"
2927,пахнуть,1,1,3,"NOUN: 1, VERB_HEAD: 1, ADJ: 1"
2286,обоняние,0,0,0,
1230,вонь,0,0,0,
666,амбре,0,0,0,
216,пахнуть,0,0,0,
3412,тоска,7,7,8,"DET: 1, CCONJ: 1, VERB_HEAD: 5, NOUN: 1"
958,испарение,0,0,0,
295,запах,12,9,32,"OTHER: 6, VERB_HEAD: 9, NOUN: 5, ADJ: 12"
1655,чадить,1,1,1,VERB_HEAD: 1
499,благоухать,0,0,0,
2724,амбре,0,0,0,
62,навоз,6,3,3,"ADJ: 1, VERB_HEAD: 2"
2213,пот,3,3,5,"NOUN: 1, VERB_HEAD: 2, OTHER: 2"
1318,испарение,0,0,0,
568,дерьмо,0,0,0,
2165,пот,5,4,6,"ADJ: 1, OTHER: 2, VERB_HEAD: 3"
100,веять,0,0,0,
1223,чадить,0,0,0,
925,скверна,0,0,0,
2039,перегар,1,1,2,"VERB_CHILD: 1, ADJ: 1"
2933,потеть,0,0,0,
2539,миазмы,0,0,0,
429,разить,0,0,0,
835,запах,15,13,41,"NOUN: 12, OTHER: 11, VERB_HEAD: 7, ADJ: 9, PRON: 2"
2207,пот,1,1,3,"VERB_HEAD: 1, ADJ: 2"
2727,тухлятина,0,0,0,
1026,амбре,0,0,0,
434,дух,3,2,7,"OTHER: 2, VERB_HEAD: 2, ADJ: 2, NOUN: 1"
211,попахивать,0,0,0,
1191,одеколон,0,0,0,
901,пахнуть,0,0,0,
2902,благовоние,0,0,0,
3039,душок,0,0,0,
3230,зловонный,0,0,0,
1989,пахучий,0,0,0,
1091,душок,0,0,0,
539,чадить,0,0,0,
1108,дерьмо,1,1,1,OTHER: 1
278,дым,1,1,5,"VERB_HEAD: 1, OTHER: 3, ADJ: 1"
2299,обонять,0,0,0,
2009,миазмы,0,0,0,
2331,обонять,0,0,0,
1494,амбре,0,0,0,
2182,потеть,0,0,0,
1045,пахнуть,0,0,0,
1307,душок,0,0,0,
1883,пахучий,0,0,0,
1558,парфюм,0,0,0,
3020,душистый,0,0,0,
417,тухлятина,0,0,0,
3031,одеколон,3,1,1,VERB_HEAD: 1
791,чадить,0,0,0,
775,амбра,0,0,0,
1830,вонять,0,0,0,
1018,парфюм,0,0,0,
2040,смрад,0,0,0,
1263,одеколон,0,0,0,
2385,нюхать,1,1,3,"PRON: 1, OTHER: 1, NOUN: 1"
1682,дым,79,68,129,"NOUN: 21, PRON: 2, ADV: 2, ADJ: 17, VERB_HEAD: 48, OTHER: 34, VERB_CHILD: 5"
1289,веять,0,0,0,
2357,нюхать,0,0,0,
695,душок,0,0,0,
794,дух,0,0,0,
1368,чадо,0,0,0,
508,аромат,1,1,3,"VERB_HEAD: 1, ADJ: 1, OTHER: 1"
2504,дерьмо,0,0,0,
3373,скука,1,1,2,"VERB: 1, VERB_HEAD: 1"
1705,благоухание,0,0,0,
1829,веять,0,0,0,
2321,обонять,0,0,0,
2553,благоухать,0,0,0,
2610,потный,1,0,0,
2593,скверна,0,0,0,
841,благоухание,0,0,0,
1030,испарение,0,0,0,
1694,дух,0,0,0,
1614,вонять,0,0,0,
2921,благоухать,0,0,0,
803,душок,0,0,0,
2057,дым,18,15,27,"NOUN: 1, VERB_HEAD: 11, OTHER: 10, ADJ: 5"
35,чадо,0,0,0,
2576,перегар,0,0,0,
2063,попахивать,0,0,0,
3244,зловонный,0,0,0,
220,аромат,0,0,0,
2514,душистый,0,0,0,
1913,вонючий,0,0,0,
2147,пот,13,10,16,"NOUN: 2, VERB_HEAD: 8, OTHER: 2, ADJ: 4"
400,аромат,1,1,3,"OTHER: 1, ADJ: 1, VERB_HEAD: 1"
285,разить,0,0,0,
2116,потеть,0,0,0,
2441,ароматный,0,0,0,
3190,ладан,0,0,0,
3098,ладан,3,2,3,"ADP: 1, VERB_HEAD: 2"
1266,вонь,1,0,0,
1922,вонючий,0,0,0,
1718,дым,19,17,31,"NOUN: 3, ADV: 1, ADJ: 12, VERB_CHILD: 2, VERB_HEAD: 12, OTHER: 1"
714,вонять,0,0,0,
2296,обоняние,0,0,0,
906,вонь,2,2,2,"ADJ: 1, VERB_HEAD: 1"
909,смрад,0,0,0,
2667,запах,2,2,3,"ADV: 1, DET: 1, ADJ: 1"
152,смрад,0,0,0,
1685,веять,0,0,0,
1049,букет,0,0,0,
428,попахивать,0,0,0,
1786,испарение,1,1,1,VERB_HEAD: 1
747,навоз,3,2,4,"VERB_HEAD: 2, OTHER: 2"
2581,благоухание,0,0,0,
3207,пот,3,3,6,"ADJ: 2, ADP: 1, VERB_HEAD: 3"
1008,чадо,0,0,0,
3040,благовоние,0,0,0,
164,тухлятина,0,0,0,
1098,амбре,0,0,0,
2719,благоухание,0,0,0,
2333,обонять,0,0,0,
1929,пахучий,0,0,0,
2035,аромат,10,10,26,"ADJ: 8, NOUN: 6, VERB_HEAD: 7, OTHER: 3, VERB_CHILD: 2"
1548,чадо,0,0,0,
1507,благоухать,0,0,0,
1900,душистый,2,0,0,
2220,потный,1,0,0,
1959,пахучий,0,0,0,
1907,вонючий,0,0,0,
496,дерьмо,0,0,0,
1762,смердеть,0,0,0,
2803,букет,0,0,0,
2829,благоухать,0,0,0,
1845,вонючий,1,0,0,
814,испарение,0,0,0,
668,пригарь,0,0,0,
2701,пот,0,0,0,
926,дым,56,40,86,"VERB_CHILD: 1, OTHER: 18, ADJ: 18, VERB_HEAD: 31, ADV: 1, NOUN: 17"
645,разить,0,0,0,
1009,пахнуть,0,0,0,
1460,пригарь,0,0,0,
607,благоухать,0,0,0,
1546,смердеть,0,0,0,
1816,фимиам,0,0,0,
2459,пахнуть,0,0,0,
1619,чадить,0,0,0,
84,благоухание,0,0,0,
2626,благовоние,0,0,0,
1877,пахучий,0,0,0,
2452,пахнуть,0,0,0,
1815,запашок,0,0,0,
1062,амбре,0,0,0,
942,вонь,3,3,5,"VERB_HEAD: 1, OTHER: 3, ADJ: 1"
1458,амбре,0,0,0,
108,пахнуть,0,0,0,
59,ладан,0,0,0,
1862,пахучий,3,1,1,OTHER: 1
3034,вонь,0,0,0,
1535,дуновение,0,0,0,
2704,нюхать,0,0,0,
2232,обоняние,0,0,0,
2157,потный,3,2,2,"NOUN: 1, OTHER: 1"
3404,тоска,4,3,4,"VERB_HEAD: 3, ADJ: 1"
3112,душистый,0,0,0,
2302,обоняние,0,0,0,
778,испарение,0,0,0,
3383,скука,0,0,0,
1170,амбре,0,0,0,
532,дерьмо,0,0,0,
1371,одеколон,1,0,0,
2370,нюхать,0,0,0,
259,запах,7,5,20,"PRON: 2, OTHER: 4, VERB_CHILD: 1, ADJ: 6, NOUN: 5, VERB_HEAD: 2"
3251,зловонный,0,0,0,
2567,обонять,0,0,0,
1378,парфюм,0,0,0,
1038,вонять,0,0,0,
324,чадо,0,0,0,
2273,обонять,0,0,0,
2745,вонючий,0,0,0,
1923,пахучий,0,0,0,
1126,парфюм,0,0,0,
2965,веять,0,0,0,
1217,веять,0,0,0,
984,благовоние,0,0,0,
1249,скверна,0,0,0,
868,аромат,0,0,0,
418,испарение,0,0,0,
1524,благовоние,0,0,0,
1229,букет,0,0,0,
407,душок,0,0,0,
3233,зловонный,0,0,0,
2244,обоняние,0,0,0,
3168,дух,0,0,0,
2005,благоухание,3,3,8,"VERB_CHILD: 1, ADJ: 3, NOUN: 1, VERB_HEAD: 3"
39,аромат,0,0,0,
690,вонь,0,0,0,
1477,пахнуть,0,0,0,
3263,зловонный,0,0,0,
2977,пот,0,0,0,
2919,веять,0,0,0,
1569,тухлятина,0,0,0,
1674,амбре,0,0,0,
683,чадить,0,0,0,
608,попахивать,0,0,0,
317,веять,0,0,0,
2726,пригарь,0,0,0,
2281,обонять,0,0,0,
2988,вонь,0,0,0,
126,амбра,0,0,0,
463,благоухать,0,0,0,
1570,испарение,0,0,0,
2093,пот,0,0,0,
1887,душистый,0,0,0,
1146,вонять,0,0,0,
224,перегар,0,0,0,
2804,вонь,0,0,0,
756,чадо,0,0,0,
1665,смрад,12,10,18,"ADJ: 4, NOUN: 3, VERB_HEAD: 6, OTHER: 5"
3011,веять,0,0,0,
1296,чадо,0,0,0,
2087,пот,6,6,9,"VERB_HEAD: 5, ADJ: 2, OTHER: 2"
1808,перегар,1,1,1,ADJ: 1
1120,аромат,2,2,4,"VERB_HEAD: 2, ADJ: 2"
495,навоз,1,1,1,VERB_HEAD: 1
3198,попахивать,0,0,0,
1257,разить,0,0,0,
3250,зловонный,0,0,0,
3249,зловонный,0,0,0,
657,смрад,0,0,0,
1645,скверна,0,0,0,
1306,парфюм,0,0,0,
474,вонь,1,1,2,"VERB_HEAD: 1, NOUN: 1"
2485,смрад,0,0,0,
1961,вонючий,0,0,0,
748,дерьмо,0,0,0,
1179,навоз,1,1,2,"OTHER: 1, NOUN: 1"
1847,душистый,0,0,0,
1700,перегар,0,0,0,
3322,тоска,0,0,0,
116,смрад,2,2,7,"VERB_HEAD: 1, OTHER: 2, ADV: 1, NOUN: 3"
1791,навоз,3,3,5,"ADJ: 2, OTHER: 2, VERB_HEAD: 1"
1810,парфюм,0,0,0,
2680,пригарь,0,0,0,
3384,тоска,0,0,0,
2936,обоняние,0,0,0,
2722,фимиам,0,0,0,
1977,пахучий,1,0,0,
2979,потеть,1,1,1,VERB_HEAD: 1
2685,скверна,0,0,0,
1856,душистый,0,0,0,
2819,тухлятина,0,0,0,
2314,обоняние,0,0,0,
2037,вонь,1,1,1,OTHER: 1
1767,одеколон,0,0,0,
1272,благовоние,0,0,0,
3245,зловонный,0,0,0,
1567,амбра,0,0,0,
3167,ароматный,0,0,0,
2193,потный,0,0,0,
967,благоухать,0,0,0,
3220,зловонный,0,0,0,
263,душок,0,0,0,
836,перегар,0,0,0,
784,дерьмо,0,0,0,
3051,дуновение,0,0,0,
1571,дуновение,2,2,6,"NOUN: 2, VERB_HEAD: 1, VERB_CHILD: 1, ADJ: 2"
780,ладан,0,0,0,
2034,одеколон,0,0,0,
1668,благовоние,0,0,0,
2878,смердеть,0,0,0,
1301,букет,5,5,12,"ADJ: 3, VERB_CHILD: 1, NOUN: 5, VERB_HEAD: 2, OTHER: 1"
505,пахнуть,0,0,0,
3122,дух,0,0,0,
328,аромат,8,7,22,"NOUN: 4, VERB_HEAD: 6, ADJ: 9, VERB_CHILD: 1, OTHER: 2"
2506,вонять,0,0,0,
717,разить,0,0,0,
525,тухлятина,0,0,0,
2580,благовоние,0,0,0,
1938,пахучий,2,0,0,
210,благоухать,0,0,0,
710,дым,1,1,3,"NOUN: 1, OTHER: 2"
48,благоухание,0,0,0,
2530,перегар,1,0,0,
3081,запах,8,8,18,"VERB_HEAD: 5, ADP: 2, ADJ: 4, NOUN: 5, VERB: 1, DET: 1"
1015,запах,12,12,24,"VERB_HEAD: 6, ADJ: 3, NOUN: 11, OTHER: 4"
3340,тоска,2,2,3,"PUNCT: 1, VERB_HEAD: 1, ADJ: 1"
2766,зловоние,0,0,0,
1218,вонять,0,0,0,
1077,разить,0,0,0,
456,ладан,0,0,0,
2145,потный,0,0,0,
796,аромат,8,7,27,"OTHER: 5, ADJ: 2, VERB_HEAD: 6, VERB_CHILD: 2, NOUN: 12"
1896,пахучий,0,0,0,
1281,тухлятина,0,0,0,
1247,дуновение,0,0,0,
531,навоз,0,0,0,
2731,скверна,0,0,0,
546,вонь,3,1,2,"ADJ: 1, VERB_HEAD: 1"
3028,обоняние,0,0,0,
297,смрад,0,0,0,
1622,дух,4,4,10,"VERB_HEAD: 4, NOUN: 4, ADV: 2"
1261,пахнуть,0,0,0,
1741,благоухание,0,0,0,
2854,парфюм,0,0,0,
233,миазмы,0,0,0,
1370,дух,1,1,1,VERB_HEAD: 1
3235,зловонный,0,0,0,
2290,обоняние,1,1,3,"NOUN: 2, VERB_HEAD: 1"
1115,чадить,0,0,0,
3304,тоска,23,15,27,"ADV: 3, VERB: 3, PROPN: 1, ADJ: 5, NOUN: 6, PRON: 2, VERB_HEAD: 7"
2781,веять,1,1,2,"VERB_HEAD: 1, NOUN: 1"
1383,запашок,0,0,0,
3144,ладан,0,0,0,
1345,благоухание,0,0,0,
723,одеколон,0,0,0,
2678,амбре,1,0,0,
497,веять,0,0,0,
2668,перегар,0,0,0,
884,пригарь,0,0,0,
155,благовоние,0,0,0,
2950,зловоние,0,0,0,
953,миазмы,0,0,0,
416,пригарь,0,0,0,
1137,тухлятина,0,0,0,
2507,благоухать,0,0,0,
441,смрад,0,0,0,
2673,благоухание,0,0,0,
3224,зловонный,0,0,0,
2315,обонять,0,0,0,
2620,вонь,0,0,0,
2421,ароматный,0,0,0,
1949,вонючий,0,0,0,
2786,смердеть,0,0,0,
2295,обонять,0,0,0,
2677,миазмы,0,0,0,
2323,обонять,0,0,0,
865,пахнуть,2,1,7,"ADV: 1, PRON: 1, VERB_HEAD: 2, NOUN: 2, OTHER: 1"
2257,обонять,0,0,0,
2824,дым,2,2,3,"VERB_HEAD: 1, ADP: 1, NOUN: 1"
3336,тоска,16,12,23,"NOUN: 4, PUNCT: 2, CCONJ: 2, DET: 6, ADJ: 2, VERB_HEAD: 4, INTJ: 1, VERB: 2"
809,миазмы,0,0,0,
908,перегар,0,0,0,
2377,нюхать,0,0,0,
2957,тухлятина,0,0,0,
684,чадо,1,1,1,OTHER: 1
1156,аромат,0,0,0,
1935,пахучий,0,0,0,
2402,ароматный,0,0,0,
396,чадо,0,0,0,
1395,навоз,0,0,0,
1472,попахивать,0,0,0,
514,парфюм,0,0,0,
2356,нюхать,0,0,0,
3053,скверна,0,0,0,
2308,обоняние,0,0,0,
2830,попахивать,0,0,0,
2767,запашок,0,0,0,
2097,потный,0,0,0,
2435,ароматный,0,0,0,
1056,благовоние,0,0,0,
916,фимиам,0,0,0,
3215,зловонный,0,0,0,
114,запах,1,1,2,"VERB_HEAD: 1, ADJ: 1"
3092,амбре,0,0,0,
2873,веять,0,0,0,
2750,нюхать,0,0,0,
754,смердеть,0,0,0,
2349,нюхать,1,1,4,"VERB_HEAD: 1, PRON: 2, NOUN: 1"
98,навоз,1,0,0,
2833,чадить,0,0,0,
3025,потеть,0,0,0,
2476,пахучий,0,0,0,
2650,чадо,0,0,0,
1132,фимиам,0,0,0,
306,амбре,0,0,0,
1809,смрад,1,1,2,"ADJ: 1, VERB_HEAD: 1"
2634,пригарь,0,0,0,
2336,обоняние,1,1,2,"OTHER: 1, VERB_HEAD: 1"
412,фимиам,0,0,0,
3312,тоска,8,7,15,"PROPN: 1, NOUN: 4, DET: 2, VERB: 1, CCONJ: 1, VERB_HEAD: 4, ADJ: 2"
26,навоз,3,1,1,VERB_HEAD: 1
564,ладан,0,0,0,
72,пахнуть,0,0,0,
1960,душистый,0,0,0,
1916,вонючий,1,1,1,OTHER: 1
310,испарение,0,0,0,
37,дух,1,1,1,VERB_HEAD: 1
3033,букет,31,29,66,"PUNCT: 1, PROPN: 4, ADP: 6, ADV: 1, PART: 3, ADJ: 9, NUM: 1, VERB_HEAD: 21, VERB: 4, DET: 3, NOUN: 13"
1962,пахучий,0,0,0,
584,перегар,0,0,0,
2935,обонять,0,0,0,
2454,чадо,0,0,0,
1821,тухлятина,0,0,0,
806,зловоние,0,0,0,
831,одеколон,1,1,1,ADJ: 1
813,тухлятина,0,0,0,
2861,миазмы,0,0,0,
1298,дух,0,0,0,
574,смердеть,0,0,0,
2293,обонять,0,0,0,
225,смрад,0,0,0,
1496,пригарь,0,0,0,
174,благоухать,0,0,0,
45,парфюм,0,0,0,
1375,запах,18,15,37,"VERB_CHILD: 2, VERB_HEAD: 15, ADV: 1, ADJ: 3, OTHER: 3, NOUN: 13"
891,навоз,0,0,0,
2508,попахивать,0,0,0,
1419,запашок,0,0,0,
3002,пригарь,0,0,0,
3294,тоска,6,6,11,"SCONJ: 1, DET: 1, NOUN: 2, VERB_HEAD: 6, PRON: 1"
2619,букет,1,1,2,"ADJ: 1, CCONJ: 1"
1790,дым,90,73,127,"PRON: 3, VERB_CHILD: 4, ADJ: 25, NOUN: 20, VERB_HEAD: 49, OTHER: 26"
1577,веять,0,0,0,
975,одеколон,0,0,0,
36,пахнуть,0,0,0,
1802,дух,1,1,1,VERB_HEAD: 1
2558,чадо,0,0,0,
2064,разить,0,0,0,
1292,попахивать,0,0,0,
2283,обонять,0,0,0,
533,веять,0,0,0,
3116,потный,0,0,0,
915,запашок,0,0,0,
207,дерьмо,0,0,0,
979,запах,15,15,36,"ADJ: 8, OTHER: 4, NOUN: 16, VERB_HEAD: 7, ADV: 1"
2103,потный,2,1,1,NOUN: 1
871,запах,4,4,9,"VERB_HEAD: 3, OTHER: 1, NOUN: 2, ADJ: 3"
1996,аромат,5,5,12,"ADJ: 5, VERB_HEAD: 4, OTHER: 3"
3262,зловонный,0,0,0,
2042,душок,5,5,18,"ADV: 1, NOUN: 4, OTHER: 3, PRON: 1, ADJ: 5, VERB_HEAD: 4"
1909,душистый,1,0,0,
1080,чадо,0,0,0,
2364,нюхать,1,1,4,"VERB_CHILD: 2, OTHER: 1, NOUN: 1"
3400,тоска,0,0,0,
2309,обонять,0,0,0,
2399,ароматный,0,0,0,
392,попахивать,0,0,0,
760,аромат,0,0,0,
218,дух,0,0,0,
1515,одеколон,0,0,0,
1500,ладан,0,0,0,
2931,пот,5,3,5,"ADJ: 1, VERB_HEAD: 3, VERB: 1"
671,дуновение,2,2,5,"OTHER: 2, ADJ: 1, NOUN: 1, VERB_HEAD: 1"
580,аромат,0,0,0,
2949,благоухание,0,0,0,
2623,смрад,0,0,0,
912,благовоние,0,0,0,
3179,благоухание,1,1,3,"ADJ: 2, VERB_HEAD: 1"
1478,дух,0,0,0,
1964,вонючий,0,0,0,
938,дух,1,1,2,"ADJ: 1, OTHER: 1"
2723,миазмы,0,0,0,
3177,душок,0,0,0,
867,одеколон,0,0,0,
190,душок,0,0,0,
2870,дым,0,0,0,
554,зловоние,0,0,0,
2491,запашок,0,0,0,
670,испарение,0,0,0,
1933,душистый,0,0,0,
509,букет,3,3,8,"ADJ: 2, VERB_CHILD: 1, NOUN: 2, VERB_HEAD: 2, OTHER: 1"
1067,дуновение,0,0,0,
1599,запашок,0,0,0,
2463,ароматный,0,0,0,
1408,аромат,0,0,0,
641,веять,0,0,0,
475,запах,5,5,11,"VERB_HEAD: 5, ADJ: 1, NOUN: 3, OTHER: 2"
1475,чадить,0,0,0,
888,ладан,1,1,1,VERB_HEAD: 1
1604,пригарь,0,0,0,
502,смердеть,0,0,0,
3382,тоска,3,3,7,"NOUN: 2, ADJ: 2, VERB_HEAD: 3"
2523,ароматный,0,0,0,
257,букет,0,0,0,
40,букет,5,5,10,"ADJ: 2, OTHER: 3, VERB_CHILD: 2, VERB_HEAD: 2, NOUN: 1"
1122,вонь,0,0,0,
1485,смрад,0,0,0,
1166,зловоние,0,0,0,
2300,обоняние,0,0,0,
2115,потный,0,0,0,
3218,зловонный,0,0,0,
728,перегар,0,0,0,
2547,скверна,0,0,0,
1501,скверна,0,0,0,
3206,пахучий,0,0,0,
2291,обонять,0,0,0,
1468,дерьмо,0,0,0,
2867,дуновение,0,0,0,
1464,ладан,0,0,0,
2735,веять,0,0,0,
2821,дуновение,0,0,0,
2814,фимиам,0,0,0,
698,зловоние,0,0,0,
2910,пригарь,0,0,0,
2853,смрад,0,0,0,
2439,ароматный,0,0,0,
2176,потеть,0,0,0,
2059,дерьмо,1,1,1,ADJ: 1
1201,благоухание,0,0,0,
1196,перегар,0,0,0,
446,зловоние,0,0,0,
2229,потный,1,0,0,
219,одеколон,3,3,3,VERB_HEAD: 3
2618,аромат,0,0,0,
2524,дух,0,0,0,
3153,разить,0,0,0,
414,амбре,0,0,0,
3164,нюхать,1,1,6,"VERB: 2, CCONJ: 1, ADV: 1, NOUN: 2"
1452,благовоние,0,0,0,
735,запашок,0,0,0,
2672,благовоние,0,0,0,
1846,пахучий,0,0,0,
3072,нюхать,0,0,0,
2045,зловоние,0,0,0,
2529,запах,22,18,57,"DET: 5, NOUN: 17, ADP: 1, VERB_HEAD: 14, ADJ: 10, VERB: 6, PART: 2, CCONJ: 2"
410,зловоние,0,0,0,
3338,тоска,8,6,9,"NOUN: 1, ADJ: 2, VERB_HEAD: 6"
3005,дуновение,0,0,0,
2011,амбра,0,0,0,
1381,благоухание,0,0,0,
2044,благоухание,0,0,0,
381,тухлятина,0,0,0,
597,тухлятина,0,0,0,
1291,благоухать,0,0,0,
193,зловоние,0,0,0,
1012,аромат,3,3,5,"ADJ: 2, NOUN: 1, VERB_HEAD: 2"
3045,миазмы,1,1,2,"NOUN: 1, VERB_HEAD: 1"
1087,запах,22,19,62,"ADJ: 18, VERB_CHILD: 3, VERB_HEAD: 8, NOUN: 11, PRON: 4, ADV: 1, OTHER: 17"
1457,миазмы,0,0,0,
1635,запашок,0,0,0,
709,скверна,0,0,0,
1105,скверна,0,0,0,
886,испарение,0,0,0,
2665,букет,0,0,0,
3390,тоска,4,3,7,"NOUN: 1, ADJ: 2, VERB_HEAD: 1, VERB: 1, DET: 2"
2001,смрад,0,0,0,
2856,благовоние,0,0,0,
810,амбре,0,0,0,
2101,потеть,1,1,2,"VERB_HEAD: 1, ADV: 1"
2710,аромат,0,0,0,
1117,пахнуть,0,0,0,
2897,запах,10,9,31,"CCONJ: 2, PUNCT: 2, DET: 1, NOUN: 8, ADJ: 7, ADP: 2, VERB_HEAD: 7, VERB: 2"
1710,амбре,0,0,0,
557,миазмы,0,0,0,
3180,зловоние,0,0,0,
2552,вонять,0,0,0,
1102,испарение,0,0,0,
2915,скверна,0,0,0,
2818,пригарь,0,0,0,
3394,тоска,0,0,0,
2017,скверна,0,0,0,
1506,вонять,0,0,0,
170,навоз,0,0,0,
712,дерьмо,0,0,0,
1696,аромат,0,0,0,
1740,благовоние,0,0,0,
513,смрад,0,0,0,
473,букет,0,0,0,
1824,ладан,0,0,0,
415,амбра,0,0,0,
3142,испарение,0,0,0,
2131,потеть,0,0,0,
1376,перегар,0,0,0,
1365,разить,0,0,0,
1897,душистый,0,0,0,
2985,одеколон,1,1,1,VERB_HEAD: 1
3303,скука,2,2,2,VERB_HEAD: 2
2272,обоняние,0,0,0,
630,амбре,0,0,0,
1704,благовоние,0,0,0,
575,чадить,0,0,0,
2496,пригарь,0,0,0,
1701,смрад,0,0,0,
1456,фимиам,0,0,0,
3174,перегар,0,0,0,
543,одеколон,1,1,3,"OTHER: 1, ADJ: 1, VERB_HEAD: 1"
1562,зловоние,0,0,0,
1473,разить,0,0,0,
1440,чадо,0,0,0,
687,одеколон,0,0,0,
2136,потный,0,0,0,
3295,скука,1,1,1,VERB_HEAD: 1
2662,дух,0,0,0,
2798,обоняние,0,0,0,
2457,чадо,0,0,0,
2294,обоняние,1,1,1,VERB_HEAD: 1
288,чадо,0,0,0,
622,парфюм,0,0,0,
1765,пахнуть,0,0,0,
1479,одеколон,0,0,0,
1593,смрад,0,0,0,
1926,пахучий,2,2,4,"ADV: 1, NOUN: 1, VERB_HEAD: 2"
1672,фимиам,0,0,0,
388,дерьмо,0,0,0,
2378,нюхать,0,0,0,
3021,вонючий,0,0,0,
2753,ароматный,0,0,0,
2717,душок,0,0,0,
2838,пахучий,0,0,0,
205,дым,3,2,3,"NOUN: 1, VERB_HEAD: 2"
2085,потный,0,0,0,
325,пахнуть,0,0,0,
895,благоухать,0,0,0,
2874,вонять,0,0,0,
1794,вонять,0,0,0,
334,парфюм,0,0,0,
2347,нюхать,0,0,0,
2793,пот,5,5,7,"VERB_HEAD: 5, NOUN: 1, CCONJ: 1"
2566,нюхать,0,0,0,
2462,ароматный,0,0,0,
1109,веять,0,0,0,
2516,пахучий,0,0,0,
2411,ароматный,1,1,1,ADJ: 1
2261,обонять,0,0,0,
1777,благоухание,0,0,0,
1842,вонючий,0,0,0,
300,благовоние,0,0,0,
2898,перегар,0,0,0,
662,зловоние,0,0,0,
342,амбре,0,0,0,
1133,миазмы,0,0,0,
2137,потеть,0,0,0,
1271,душок,1,1,2,"ADJ: 1, VERB_HEAD: 1"
2955,амбра,0,0,0,
3381,скука,0,0,0,
2912,испарение,0,0,0,
2118,потный,1,1,2,"VERB_HEAD: 1, VERB_CHILD: 1"
46,душок,0,0,0,
586,парфюм,0,0,0,
53,амбре,0,0,0,
2317,обонять,0,0,0,
336,благовоние,0,0,0,
2666,вонь,0,0,0,
1412,перегар,0,0,0,
260,перегар,0,0,0,
2820,испарение,0,0,0,
2184,потный,0,0,0,
139,попахивать,0,0,0,
2959,дуновение,0,0,0,
2515,вонючий,0,0,0,
1537,скверна,0,0,0,
1033,скверна,0,0,0,
425,веять,0,0,0,
1734,вонь,2,0,0,
825,разить,0,0,0,
731,душок,0,0,0,
2219,пот,14,9,18,"NOUN: 1, VERB_HEAD: 5, OTHER: 8, ADJ: 4"
2072,пот,9,8,17,"VERB_HEAD: 6, OTHER: 5, VERB_CHILD: 1, ADJ: 4, NOUN: 1"
1350,амбре,0,0,0,
3015,разить,0,0,0,
2801,одеколон,0,0,0,
549,смрад,0,0,0,
2436,ароматный,0,0,0,
653,букет,8,8,19,"OTHER: 2, VERB_HEAD: 6, ADJ: 4, NOUN: 7"
380,пригарь,0,0,0,
2964,дерьмо,0,0,0,
130,дуновение,0,0,0,
486,амбре,0,0,0,
2341,нюхать,0,0,0,
3141,тухлятина,0,0,0,
1528,фимиам,0,0,0,
765,смрад,1,0,0,
1277,миазмы,0,0,0,
887,дуновение,0,0,0,
1772,перегар,1,1,2,"VERB_HEAD: 1, NOUN: 1"
1669,благоухание,0,0,0,
386,дым,13,12,28,"ADJ: 4, NOUN: 6, OTHER: 7, VERB_HEAD: 11"
1797,разить,0,0,0,
433,пахнуть,0,0,0,
364,аромат,1,1,3,"VERB_HEAD: 1, NOUN: 1, ADJ: 1"
1123,запах,11,11,24,"OTHER: 4, ADJ: 3, VERB_HEAD: 9, NOUN: 8"
92,тухлятина,0,0,0,
2471,пахнуть,0,0,0,
541,пахнуть,0,0,0,
1517,букет,1,1,3,"NOUN: 1, VERB_HEAD: 1, ADJ: 1"
1598,зловоние,0,0,0,
437,букет,5,5,13,"VERB_HEAD: 3, NOUN: 6, ADJ: 1, OTHER: 3"
2271,обонять,0,0,0,
998,дым,24,17,27,"VERB_HEAD: 7, PRON: 1, VERB_CHILD: 1, OTHER: 6, NOUN: 6, ADJ: 6"
2502,дым,2,2,4,"VERB_HEAD: 1, CCONJ: 1, ADP: 1, VERB: 1"
1719,навоз,2,2,4,"VERB_HEAD: 2, ADJ: 2"
2624,парфюм,0,0,0,
493,скверна,0,0,0,
665,миазмы,0,0,0,
2270,обоняние,0,0,0,
3197,благоухать,0,0,0,
1547,чадить,0,0,0,
311,дуновение,1,1,1,VERB_HEAD: 1
2372,нюхать,1,1,4,"OTHER: 2, NOUN: 1, VERB_HEAD: 1"
103,попахивать,0,0,0,
2406,ароматный,0,0,0,
1252,дерьмо,0,0,0,
2738,попахивать,0,0,0,
875,душок,0,0,0,
2888,нюхать,0,0,0,
1255,благоухать,0,0,0,
1722,вонять,0,0,0,
1322,дым,14,11,20,"PRON: 1, ADJ: 3, NOUN: 3, OTHER: 4, VERB_HEAD: 9"
1761,разить,0,0,0,
196,миазмы,0,0,0,
291,одеколон,0,0,0,
2376,нюхать,0,0,0,
2194,потеть,0,0,0,
3327,скука,0,0,0,
1361,веять,0,0,0,
3003,тухлятина,0,0,0,
61,дым,7,6,17,"VERB_HEAD: 4, OTHER: 4, ADJ: 3, NOUN: 6"
2851,запах,0,0,0,
3127,запах,0,0,0,
2122,потеть,0,0,0,
3123,одеколон,0,0,0,
705,тухлятина,0,0,0,
2325,обонять,0,0,0,
3114,пахучий,0,0,0,
171,дерьмо,0,0,0,
3255,зловонный,0,0,0,
1729,пахнуть,0,0,0,
2381,нюхать,0,0,0,
604,дерьмо,0,0,0,
3049,тухлятина,0,0,0,
347,дуновение,0,0,0,
562,испарение,0,0,0,
2279,обонять,0,0,0,
2079,потный,2,0,0,
636,ладан,1,1,2,"VERB_HEAD: 1, OTHER: 1"
1228,аромат,2,1,2,"OTHER: 1, VERB_HEAD: 1"
2424,ароматный,0,0,0,
3320,тоска,9,8,18,"NOUN: 3, VERB: 1, VERB_HEAD: 6, ADJ: 4, PROPN: 1, DET: 3"
1387,амбра,0,0,0,
3386,тоска,10,8,15,"INTJ: 2, VERB_HEAD: 4, VERB: 3, CCONJ: 1, NOUN: 2, ADJ: 3"
1611,навоз,2,1,1,VERB_HEAD: 1
1724,попахивать,0,0,0,
2503,навоз,0,0,0,
2004,благовоние,0,0,0,
1369,пахнуть,0,0,0,
581,букет,5,4,6,"ADV: 1, ADJ: 1, VERB_HEAD: 4"
14,запашок,0,0,0,
109,дух,2,2,2,"VERB_HEAD: 1, OTHER: 1"
2343,нюхать,0,0,0,
3119,обонять,0,0,0,
3075,ароматный,0,0,0,
2237,обонять,0,0,0,
3334,тоска,8,7,15,"DET: 2, ADJ: 2, CCONJ: 1, NOUN: 5, PRON: 1, VERB_HEAD: 3, PUNCT: 1"
2248,обоняние,0,0,0,
133,дым,1,1,2,"OTHER: 1, NOUN: 1"
1134,амбре,0,0,0,
1511,чадить,0,0,0,
2483,запах,1,1,4,"VERB: 1, ADJ: 1, NOUN: 1, CCONJ: 1"
2484,перегар,0,0,0,
301,благоухание,0,0,0,
1011,одеколон,0,0,0,
2188,потеть,0,0,0,
2154,потный,1,0,0,
3161,пот,0,0,0,
2088,потный,0,0,0,
2081,пот,4,2,2,VERB_HEAD: 2
1497,тухлятина,0,0,0,
1875,душистый,3,2,2,"ADV: 1, OTHER: 1"
1618,смердеть,0,0,0,
1402,смердеть,0,0,0,
432,чадо,0,0,0,
3104,вонять,0,0,0,
2239,обонять,0,0,0,
1347,запашок,0,0,0,
1061,миазмы,0,0,0,
1,дух,2,2,3,"OTHER: 1, VERB_HEAD: 1, PRON: 1"
76,букет,1,1,3,"OTHER: 1, ADJ: 1, VERB_HEAD: 1"
2384,нюхать,0,0,0,
2260,обоняние,0,0,0,
1392,ладан,1,1,1,OTHER: 1
2373,нюхать,1,1,2,"VERB_HEAD: 1, NOUN: 1"
346,испарение,0,0,0,
71,чадо,2,2,3,"VERB_HEAD: 2, OTHER: 1"
68,разить,0,0,0,
1002,вонять,0,0,0,
773,миазмы,0,0,0,
146,одеколон,0,0,0,
80,смрад,1,1,5,"OTHER: 2, VERB_CHILD: 1, VERB_HEAD: 1, ADJ: 1"
3316,тоска,11,9,22,"NOUN: 4, INTJ: 2, DET: 6, ADJ: 2, VERB_HEAD: 2, PROPN: 3, VERB: 3"
1676,пригарь,0,0,0,
2860,фимиам,0,0,0,
3060,попахивать,0,0,0,
1386,амбре,0,0,0,
751,благоухать,0,0,0,
3070,потный,0,0,0,
1892,вонючий,0,0,0,
262,парфюм,0,0,0,
3360,тоска,7,6,12,"VERB: 1, PRON: 1, VERB_HEAD: 5, DET: 3, ADJ: 2"
1997,букет,0,0,0,
504,чадо,0,0,0,
3343,скука,0,0,0,
1504,дерьмо,0,0,0,
399,одеколон,0,0,0,
238,испарение,0,0,0,
547,запах,13,10,33,"NOUN: 9, OTHER: 6, VERB_CHILD: 3, VERB_HEAD: 7, ADJ: 8"
818,дым,1,0,0,
737,миазмы,0,0,0,
2258,обоняние,0,0,0,
124,миазмы,0,0,0,
798,вонь,0,0,0,
2289,обонять,0,0,0,
2596,дерьмо,0,0,0,
2472,душистый,0,0,0,
2212,потеть,0,0,0,
3372,тоска,2,2,5,"ADP: 1, VERB_HEAD: 2, CCONJ: 1, ADV: 1"
1623,одеколон,2,2,3,"NOUN: 1, VERB_HEAD: 2"
2696,чадо,0,0,0,
2197,потеть,0,0,0,
3365,скука,1,1,1,VERB_HEAD: 1
2895,букет,8,7,18,"PUNCT: 1, VERB: 1, VERB_HEAD: 6, NOUN: 3, ADP: 1, ADJ: 3, DET: 3"
2834,чадо,1,0,0,
2671,душок,0,0,0,
2926,чадо,1,0,0,
2056,скверна,0,0,0,
2144,пот,0,0,0,
3115,пот,2,0,0,
2409,ароматный,0,0,0,
1116,чадо,0,0,0,
2790,душистый,0,0,0,
2020,дерьмо,0,0,0,
404,перегар,0,0,0,
2862,амбре,0,0,0,
1280,пригарь,0,0,0,
2909,амбра,0,0,0,
1068,ладан,0,0,0,
2968,попахивать,0,0,0,
1245,тухлятина,0,0,0,
616,аромат,2,2,4,"ADJ: 1, NOUN: 1, VERB_HEAD: 2"
2282,обоняние,0,0,0,
2437,ароматный,0,0,0,
516,благовоние,0,0,0,
542,дух,0,0,0,
395,чадить,0,0,0,
882,амбре,0,0,0,
3004,испарение,0,0,0,
955,амбра,0,0,0,
3201,чадить,0,0,0,
1876,вонючий,0,0,0,
163,пригарь,0,0,0,
1103,дуновение,1,1,5,"ADJ: 1, ADV: 1, NOUN: 3"
669,тухлятина,0,0,0,
352,дерьмо,0,0,0,
2885,пот,0,0,0,
3353,скука,0,0,0,
1512,чадо,0,0,0,
362,дух,1,1,1,OTHER: 1
221,букет,2,2,4,"OTHER: 1, NOUN: 1, VERB_HEAD: 1, ADJ: 1"
2251,обонять,0,0,0,
688,аромат,0,0,0,
1207,амбра,0,0,0,
2048,миазмы,0,0,0,
2882,душистый,0,0,0,
3024,потный,0,0,0,
111,аромат,0,0,0,
2202,потный,0,0,0,
1709,миазмы,0,0,0,
2052,тухлятина,0,0,0,
2340,нюхать,0,0,0,
1879,вонючий,0,0,0,
655,запах,26,25,66,"NOUN: 19, ADV: 1, VERB_CHILD: 3, PRON: 1, OTHER: 10, VERB_HEAD: 13, ADJ: 19"
1327,благоухать,0,0,0,
3408,тоска,2,0,0,
1225,пахнуть,0,0,0,
150,запах,5,5,12,"NOUN: 2, OTHER: 3, ADJ: 5, VERB_HEAD: 2"
3225,зловонный,0,0,0,
2304,обоняние,0,0,0,
3283,скука,3,3,9,"PRON: 1, CCONJ: 1, PUNCT: 1, NOUN: 1, VERB_HEAD: 2, SCONJ: 1, ADJ: 1, DET: 1"
1731,одеколон,0,0,0,
1355,дуновение,0,0,0,
995,дуновение,0,0,0,
2359,нюхать,0,0,0,
1867,вонючий,0,0,0,
1125,смрад,0,0,0,
928,дерьмо,3,2,5,"OTHER: 2, NOUN: 2, ADJ: 1"
520,фимиам,1,1,3,"VERB_HEAD: 1, OTHER: 1, VERB_CHILD: 1"
148,букет,1,1,1,NOUN: 1
1798,смердеть,0,0,0,
2335,обонять,0,0,0,
1269,смрад,0,0,0,
652,аромат,1,1,1,NOUN: 1
1560,благовоние,0,0,0,
51,фимиам,0,0,0,
1898,вонючий,0,0,0,
70,чадить,0,0,0,
350,дым,42,35,69,"OTHER: 10, ADJ: 26, NOUN: 4, VERB_CHILD: 2, VERB_HEAD: 27"
758,дух,0,0,0,
2425,ароматный,0,0,0,
2080,потеть,0,0,0,
3407,скука,3,1,5,"VERB_HEAD: 1, CCONJ: 1, PROPN: 1, DET: 1, PUNCT: 1"
2128,потеть,0,0,0,
1136,пригарь,0,0,0,
1831,благоухать,0,0,0,
929,веять,0,0,0,
1493,миазмы,0,0,0,
2125,потеть,1,1,1,VERB_HEAD: 1
2038,запах,55,51,156,"VERB_CHILD: 5, NOUN: 54, OTHER: 13, PRON: 1, ADJ: 37, ADV: 4, VERB_HEAD: 42"
2642,дерьмо,0,0,0,
638,дым,11,9,16,"ADJ: 1, VERB_HEAD: 6, NOUN: 6, OTHER: 3"
940,аромат,0,0,0,
2855,душок,0,0,0,
1963,душистый,0,0,0,
42,запах,24,20,63,"ADV: 1, VERB_HEAD: 16, PRON: 1, OTHER: 12, NOUN: 18, ADJ: 9, VERB_CHILD: 6"
2631,миазмы,0,0,0,
1742,зловоние,0,0,0,
2420,ароматный,0,0,0,
1372,аромат,2,2,4,"VERB_HEAD: 1, OTHER: 2, VERB_CHILD: 1"
632,пригарь,0,0,0,
658,парфюм,0,0,0,
440,перегар,0,0,0,
3140,пригарь,0,0,0,
160,миазмы,0,0,0,
644,попахивать,0,0,0,
3093,амбра,0,0,0,
1857,вонючий,0,0,0,
1143,навоз,0,0,0,
1782,амбре,0,0,0,
2661,ароматный,0,0,0,
2352,нюхать,0,0,0,
1644,ладан,0,0,0,
2764,благовоние,3,1,1,VERB_HEAD: 1
1606,испарение,0,0,0,
1312,фимиам,0,0,0,
2684,ладан,0,0,0,
1984,душистый,0,0,0,
2168,пот,3,3,6,"VERB_HEAD: 2, OTHER: 2, ADJ: 2"
1662,вонь,5,4,10,"NOUN: 2, ADJ: 2, OTHER: 2, VERB_HEAD: 3, PRON: 1"
822,вонять,0,0,0,
2825,навоз,0,0,0,
3078,аромат,0,0,0,
2796,нюхать,1,1,1,VERB_HEAD: 1
1118,дух,0,0,0,
1990,душистый,3,1,6,"OTHER: 2, PRON: 1, ADJ: 3"
1025,миазмы,0,0,0,
241,скверна,0,0,0,
175,попахивать,0,0,0,
596,пригарь,0,0,0,
3018,чадо,0,0,0,
2891,ароматный,0,0,0,
3301,скука,2,1,2,"PART: 1, VERB_HEAD: 1"
1776,благовоние,0,0,0,
2890,обоняние,0,0,0,
1104,ладан,2,2,2,"OTHER: 1, VERB_HEAD: 1"
699,запашок,0,0,0,
1975,душистый,0,0,0,
1936,душистый,3,0,0,
75,аромат,0,0,0,
128,тухлятина,0,0,0,
3186,пригарь,0,0,0,
2275,обонять,0,0,0,
344,пригарь,0,0,0,
3253,зловонный,0,0,0,
1078,смердеть,0,0,0,
534,вонять,0,0,0,
637,скверна,0,0,0,
1279,амбра,0,0,0,
1403,чадить,0,0,0,
2528,вонь,0,0,0,
2599,благоухать,0,0,0,
222,вонь,0,0,0,
2791,вонючий,0,0,0,
922,испарение,0,0,0,
787,благоухать,0,0,0,
2920,вонять,0,0,0,
2555,разить,0,0,0,
3176,парфюм,0,0,0,
3362,тоска,0,0,0,
3047,амбра,0,0,0,
811,амбра,0,0,0,
563,дуновение,0,0,0,
1616,попахивать,0,0,0,
1828,дерьмо,1,1,3,"OTHER: 1, NOUN: 1, VERB_HEAD: 1"
1779,запашок,0,0,0,
2098,потеть,0,0,0,
3138,амбре,0,0,0,
853,скверна,0,0,0,
1050,вонь,0,0,0,
1788,ладан,3,1,2,"NOUN: 1, VERB_HEAD: 1"
276,ладан,3,1,1,VERB_HEAD: 1
1523,душок,0,0,0,
97,дым,15,13,27,"ADV: 2, VERB_HEAD: 6, NOUN: 2, VERB_CHILD: 3, ADJ: 10, OTHER: 4"
1823,дуновение,0,0,0,
2388,нюхать,0,0,0,
555,запашок,1,1,2,"NOUN: 1, VERB_HEAD: 1"
3054,дым,4,4,6,"VERB_HEAD: 3, CCONJ: 1, ADV: 1, VERB: 1"
1583,чадить,0,0,0,
567,навоз,0,0,0,
816,ладан,2,2,3,"OTHER: 2, ADJ: 1"
1646,дым,23,23,44,"VERB_HEAD: 17, NOUN: 2, ADJ: 18, OTHER: 7"
1398,вонять,0,0,0,
507,одеколон,0,0,0,
3289,скука,1,1,1,VERB_HEAD: 1
847,амбра,0,0,0,
419,дуновение,1,1,2,"VERB_HEAD: 1, NOUN: 1"
1336,аромат,0,0,0,
664,фимиам,0,0,0,
2235,обонять,0,0,0,
2214,потный,1,0,0,
95,ладан,0,0,0,
1434,вонять,0,0,0,
519,запашок,0,0,0,
3357,скука,0,0,0,
1250,дым,12,11,23,"PRON: 1, NOUN: 3, OTHER: 4, ADJ: 4, VERB_HEAD: 11"
965,веять,0,0,0,
172,веять,0,0,0,
1966,душистый,1,0,0,
409,благоухание,0,0,0,
3101,навоз,3,3,6,"PUNCT: 1, VERB_HEAD: 3, ADP: 2"
2345,нюхать,1,1,4,"VERB_CHILD: 2, VERB_HEAD: 1, OTHER: 1"
2303,обонять,0,0,0,
2605,пахнуть,0,0,0,
1561,благоухание,0,0,0,
1221,разить,0,0,0,
3073,обонять,0,0,0,
639,навоз,0,0,0,
74,одеколон,0,0,0,
937,пахнуть,1,1,4,"OTHER: 2, NOUN: 2"
138,благоухать,0,0,0,
34,чадить,0,0,0,
1774,парфюм,0,0,0,
3229,зловонный,0,0,0,
1411,запах,1,1,5,"NOUN: 1, ADV: 1, PRON: 1, VERB_CHILD: 1, OTHER: 1"
1681,скверна,0,0,0,
2872,дерьмо,0,0,0,
1956,пахучий,0,0,0,
443,душок,0,0,0,
2900,парфюм,0,0,0,
2754,дух,4,3,13,"DET: 1, NOUN: 2, VERB_HEAD: 2, ADJ: 6, NUM: 1, PRON: 1"
2329,обонять,0,0,0,
2060,веять,0,0,0,
2682,испарение,0,0,0,
526,испарение,0,0,0,
2594,дым,5,5,13,"NOUN: 1, VERB: 2, VERB_HEAD: 2, ADJ: 7, ADP: 1"
1428,ладан,0,0,0,
393,разить,0,0,0,
2800,дух,1,1,4,"VERB: 1, ADJ: 1, NOUN: 2"
1151,чадить,0,0,0,
498,вонять,0,0,0,
469,пахнуть,0,0,0,
118,душок,1,1,2,"ADJ: 1, VERB_HEAD: 1"
1793,веять,0,0,0,
2879,чадить,0,0,0,
1986,пахучий,0,0,0,
1995,одеколон,0,0,0,
726,вонь,0,0,0,
2999,миазмы,0,0,0,
2591,дуновение,0,0,0,
1476,чадо,0,0,0,
3405,скука,5,3,6,"VERB_HEAD: 1, NOUN: 1, DET: 2, VERB: 1, PUNCT: 1"
2250,обоняние,0,0,0,
2105,пот,3,2,2,VERB_HEAD: 2
2916,дым,21,17,44,"SCONJ: 1, PRON: 4, ADP: 7, PART: 3, VERB: 2, CCONJ: 1, VERB_HEAD: 9, NOUN: 6, DET: 1, ADJ: 10"
1727,чадить,0,0,0,
354,вонять,1,1,4,"VERB_HEAD: 1, PRON: 1, OTHER: 2"
1792,дерьмо,0,0,0,
479,душок,0,0,0,
2143,потеть,0,0,0,
2513,пахнуть,0,0,0,
2948,благовоние,0,0,0,
1976,вонючий,0,0,0,
1574,дым,15,13,28,"VERB_HEAD: 10, OTHER: 7, PRON: 1, ADJ: 1, NOUN: 4, VERB_CHILD: 5"
3030,дух,1,1,1,CCONJ: 1
2892,дух,6,5,9,"VERB_HEAD: 6, VERB: 1, ADJ: 2"
675,навоз,3,3,4,"ADJ: 1, OTHER: 1, VERB_HEAD: 2"
2782,вонять,0,0,0,
696,благовоние,0,0,0,
969,разить,0,0,0,
1253,веять,0,0,0,
270,амбре,0,0,0,
898,смердеть,0,0,0,
435,одеколон,7,5,7,"VERB_HEAD: 4, OTHER: 3"
2807,смрад,0,0,0,
1713,тухлятина,0,0,0,
1145,веять,0,0,0,
2577,смрад,0,0,0,
3398,тоска,0,0,0,
837,смрад,0,0,0,
3236,зловонный,0,0,0,
2654,пахучий,0,0,0,
2961,скверна,0,0,0,
2114,пот,7,7,25,"OTHER: 8, VERB_CHILD: 3, ADJ: 1, VERB_HEAD: 6, NOUN: 7"
1226,дух,0,0,0,
3351,скука,0,0,0,
911,душок,0,0,0,
491,дуновение,0,0,0,
2691,благоухать,0,0,0,
1248,ладан,0,0,0,
436,аромат,2,2,4,"VERB_HEAD: 1, ADJ: 1, OTHER: 1, NOUN: 1"
870,вонь,0,0,0,
3290,тоска,12,10,18,"NOUN: 4, DET: 3, ADJ: 4, VERB_HEAD: 7"
1844,душистый,0,0,0,
3069,пот,4,4,5,"ADP: 1, VERB_HEAD: 4"
711,навоз,0,0,0,
1036,дерьмо,4,4,6,"OTHER: 2, VERB_HEAD: 3, NOUN: 1"
149,вонь,7,6,15,"VERB_HEAD: 1, NOUN: 2, VERB_CHILD: 1, OTHER: 4, ADJ: 6, ADV: 1"
280,дерьмо,0,0,0,
3243,зловонный,0,0,0,
1046,дух,0,0,0,
3048,пригарь,0,0,0,
2164,потеть,0,0,0,
1328,попахивать,0,0,0,
1932,пахучий,0,0,0,
2536,зловоние,0,0,0,
650,дух,5,5,6,"OTHER: 4, NOUN: 1, VERB_HEAD: 1"
2700,пахучий,0,0,0,
843,запашок,0,0,0,
447,запашок,0,0,0,
1911,пахучий,0,0,0,
298,парфюм,0,0,0,
1647,навоз,2,2,3,"OTHER: 1, ADJ: 1, VERB_HEAD: 1"
1684,дерьмо,1,0,0,
3137,миазмы,0,0,0,
1944,пахучий,0,0,0,
2129,пот,0,0,0,
1639,амбра,0,0,0,
800,перегар,0,0,0,
3012,вонять,0,0,0,
1495,амбра,0,0,0,
3259,зловонный,0,0,0,
2322,обоняние,0,0,0,
1608,ладан,12,12,20,"OTHER: 5, VERB_HEAD: 9, NOUN: 1, PRON: 2, ADJ: 3"
283,благоухать,0,0,0,
624,благовоние,0,0,0,
3131,душок,0,0,0,
681,разить,0,0,0,
1173,тухлятина,0,0,0,
1508,попахивать,0,0,0,
829,пахнуть,1,1,1,VERB_HEAD: 1
3306,тоска,6,5,11,"ADJ: 1, ADV: 1, VERB_HEAD: 3, NOUN: 4, DET: 2"
1557,смрад,0,0,0,
643,благоухать,0,0,0,
472,аромат,0,0,0,
2074,потеть,0,0,0,
3136,фимиам,0,0,0,
3029,ароматный,0,0,0,
373,благоухание,0,0,0,
31,попахивать,0,0,0,
1199,душок,0,0,0,
1316,пригарь,0,0,0,
1086,вонь,0,0,0,
1757,веять,0,0,0,
3396,тоска,3,2,4,"ADJ: 1, ADP: 1, VERB_HEAD: 2"
1097,миазмы,0,0,0,
1374,вонь,0,0,0,
243,навоз,0,0,0,
2412,ароматный,0,0,0,
1264,аромат,1,1,2,"VERB_HEAD: 1, NOUN: 1"
902,дух,5,4,22,"NOUN: 5, VERB_HEAD: 3, VERB_CHILD: 2, OTHER: 12"
1309,благоухание,0,0,0,
1178,дым,20,16,38,"PRON: 2, OTHER: 5, VERB_HEAD: 10, NOUN: 9, ADJ: 8, VERB_CHILD: 3, ADV: 1"
2027,чадить,0,0,0,
856,дерьмо,0,0,0,
1864,вонючий,0,0,0,
2236,обоняние,0,0,0,
1917,пахучий,0,0,0,
987,запашок,0,0,0,
2602,смердеть,0,0,0,
621,смрад,4,4,12,"OTHER: 8, VERB_HEAD: 3, VERB_CHILD: 1"
1382,зловоние,0,0,0,
1206,амбре,0,0,0,
1937,вонючий,0,0,0,
2387,нюхать,0,0,0,
2751,обонять,0,0,0,
2479,одеколон,0,0,0,
585,смрад,0,0,0,
2653,вонючий,0,0,0,
1775,душок,0,0,0,
1310,зловоние,0,0,0,
708,ладан,0,0,0,
455,дуновение,0,0,0,
1630,парфюм,0,0,0,
1592,перегар,1,0,0,
3403,скука,5,4,7,"PRON: 1, ADP: 1, NOUN: 1, VERB_HEAD: 3, AUX: 1"
2545,дуновение,0,0,0,
930,вонять,0,0,0,
2776,ладан,0,0,0,
1861,вонючий,0,0,0,
132,скверна,0,0,0,
322,смердеть,0,0,0,
1414,парфюм,0,0,0,
2835,пахнуть,0,0,0,
2346,нюхать,0,0,0,
2600,попахивать,0,0,0,
1953,пахучий,0,0,0,
1106,дым,15,12,20,"NOUN: 4, OTHER: 4, ADJ: 7, VERB_HEAD: 5"
1052,перегар,0,0,0,
1413,смрад,0,0,0,
3288,тоска,0,0,0,
583,запах,0,0,0,
65,вонять,0,0,0,
2938,дух,0,0,0,
1202,зловоние,0,0,0,
693,смрад,0,0,0,
744,ладан,0,0,0,
3345,скука,0,0,0,
2138,пот,0,0,0,
490,испарение,0,0,0,
3391,скука,3,2,3,"NOUN: 1, VERB_HEAD: 2"
119,благовоние,0,0,0,
286,смердеть,0,0,0,
2473,вонючий,0,0,0,
860,попахивать,0,0,0,
480,благовоние,0,0,0,
2608,пахучий,0,0,0,
2432,ароматный,0,0,0,
2930,пахучий,0,0,0,
2603,чадить,0,0,0,
907,запах,31,29,68,"VERB_HEAD: 19, ADV: 1, NOUN: 24, ADJ: 10, OTHER: 11, VERB_CHILD: 3"
1766,дух,1,0,0,
746,дым,10,4,5,"VERB_HEAD: 3, OTHER: 1, VERB_CHILD: 1"
2942,вонь,0,0,0,
1820,пригарь,0,0,0,
1863,душистый,0,0,0,
2562,пахучий,3,1,1,DET: 1
1764,чадо,0,0,0,
2132,пот,7,6,8,"VERB_HEAD: 5, NOUN: 3"
2187,потный,1,1,1,ADJ: 1
1335,одеколон,0,0,0,
3347,скука,1,0,0,
3055,навоз,5,3,5,"VERB: 1, ADP: 2, VERB_HEAD: 2"
1943,вонючий,0,0,0,
2940,аромат,0,0,0,
1568,пригарь,0,0,0,
2319,обонять,0,0,0,
2527,букет,0,0,0,
918,амбре,0,0,0,
3157,пахнуть,0,0,0,
848,пригарь,0,0,0,
1303,запах,14,14,34,"VERB_HEAD: 9, VERB_CHILD: 2, NOUN: 4, OTHER: 9, ADJ: 10"
430,смердеть,0,0,0,
1703,душок,0,0,0,
2918,дерьмо,0,0,0,
3298,тоска,3,2,5,"NOUN: 2, VERB_HEAD: 2, DET: 1"
459,навоз,7,6,8,"VERB_HEAD: 1, NOUN: 1, OTHER: 2, VERB_CHILD: 1, ADJ: 3"
2051,пригарь,0,0,0,
123,фимиам,3,2,6,"ADV: 1, NOUN: 1, OTHER: 1, VERB_HEAD: 3"
2135,пот,1,1,3,"VERB_HEAD: 1, OTHER: 2"
1418,зловоние,0,0,0,
881,миазмы,0,0,0,
2123,пот,13,11,20,"PRON: 1, NOUN: 2, VERB_HEAD: 9, ADJ: 8"
3305,скука,1,1,2,"ADJ: 1, CCONJ: 1"
492,ладан,2,1,1,VERB_HEAD: 1
3094,пригарь,0,0,0,
3159,вонючий,0,0,0,
1680,ладан,13,10,15,"ADJ: 3, NOUN: 2, OTHER: 4, VERB_HEAD: 5, VERB_CHILD: 1"
2134,потеть,0,0,0,
2755,одеколон,0,0,0,
880,фимиам,0,0,0,
1072,дерьмо,0,0,0,
1586,дух,4,3,12,"OTHER: 1, VERB_HEAD: 4, ADJ: 6, NOUN: 1"
2669,смрад,0,0,0,
248,попахивать,0,0,0,
2725,амбра,0,0,0,
1918,душистый,0,0,0,
208,веять,0,0,0,
24,скверна,0,0,0,
94,дуновение,0,0,0,
1188,чадо,0,0,0,
49,зловоние,0,0,0,
2069,душистый,0,0,0,
1955,вонючий,0,0,0,
1502,дым,13,10,21,"ADJ: 4, VERB_CHILD: 1, OTHER: 4, NOUN: 3, VERB_HEAD: 9"
2021,веять,0,0,0,
1969,душистый,1,0,0,
477,смрад,0,0,0,
781,скверна,0,0,0,
1362,вонять,0,0,0,
3299,скука,1,0,0,
858,вонять,0,0,0,
406,парфюм,0,0,0,
1683,навоз,3,3,8,"OTHER: 3, ADJ: 1, VERB_HEAD: 2, NOUN: 2"
3377,скука,0,0,0,
2743,пахнуть,0,0,0,
2813,запашок,0,0,0,
1686,вонять,0,0,0,
2228,пот,47,34,55,"ADJ: 5, OTHER: 19, VERB_HEAD: 21, NOUN: 8, VERB_CHILD: 2"
1573,скверна,0,0,0,
2365,нюхать,3,2,11,"ADV: 1, OTHER: 3, VERB_CHILD: 1, VERB_HEAD: 3, NOUN: 3"
1348,фимиам,0,0,0,
3231,зловонный,0,0,0,
2956,пригарь,0,0,0,
1096,фимиам,0,0,0,
932,попахивать,0,0,0,
1273,благоухание,0,0,0,
2572,аромат,0,0,0,
2298,обоняние,0,0,0,
1433,веять,0,0,0,
2532,парфюм,0,0,0,
1781,миазмы,0,0,0,
733,благоухание,8,8,13,"OTHER: 3, VERB_HEAD: 7, NOUN: 3"
1594,парфюм,0,0,0,
261,смрад,0,0,0,
125,амбре,0,0,0,
3162,потный,0,0,0,
3146,дым,0,0,0,
1426,испарение,0,0,0,
700,фимиам,0,0,0,
1308,благовоние,0,0,0,
43,перегар,0,0,0,
3237,зловонный,0,0,0,
587,душок,0,0,0,
3214,зловонный,0,0,0,
1908,пахучий,0,0,0,
1649,веять,0,0,0,
1687,благоухать,0,0,0,
3175,смрад,0,0,0,
3193,навоз,0,0,0,
187,перегар,0,0,0,
1533,тухлятина,0,0,0,
2644,вонять,0,0,0,
1416,благовоние,0,0,0,
242,дым,2,2,4,"VERB_HEAD: 1, OTHER: 1, ADJ: 1, NOUN: 1"
2991,смрад,1,0,0,
1576,дерьмо,0,0,0,
677,веять,0,0,0,
2633,амбра,0,0,0,
2226,потный,1,0,0,
1232,перегар,0,0,0,
1543,благоухать,0,0,0,
2419,ароматный,1,0,0,
3154,смердеть,0,0,0,
2301,обонять,0,0,0,
980,перегар,0,0,0,
2068,пахнуть,1,1,2,"NOUN: 1, PRON: 1"
1890,смердеть,0,0,0,
1787,дуновение,2,2,5,"VERB_HEAD: 2, ADJ: 2, NOUN: 1"
2028,чадо,0,0,0,
631,амбра,0,0,0,
2831,разить,0,0,0,
107,чадо,0,0,0,
3366,тоска,0,0,0,
1163,душок,0,0,0,
3321,скука,0,0,0,
1641,тухлятина,0,0,0,
1628,перегар,1,1,3,"VERB_HEAD: 1, ADJ: 1, NOUN: 1"
363,одеколон,0,0,0,
2351,нюхать,0,0,0,
661,благоухание,2,2,5,"VERB_HEAD: 2, NOUN: 1, ADJ: 2"
512,перегар,0,0,0,
340,фимиам,0,0,0,
3077,одеколон,0,0,0,
1653,разить,0,0,0,
523,амбра,0,0,0,
356,попахивать,0,0,0,
2911,тухлятина,0,0,0,
1572,ладан,0,0,0,
1982,вонючий,0,0,0,
595,амбра,0,0,0,
142,чадить,0,0,0,
924,ладан,0,0,0,
2748,потный,0,0,0,
792,чадо,0,0,0,
896,попахивать,0,0,0,
651,одеколон,1,0,0,
38,одеколон,0,0,0,
359,чадить,1,1,1,VERB_HEAD: 1
2811,благоухание,0,0,0,
2488,благовоние,1,1,1,VERB_HEAD: 1
1212,ладан,1,1,2,"VERB_HEAD: 1, OTHER: 1"
3292,тоска,7,7,21,"PART: 1, VERB_HEAD: 7, ADJ: 4, NOUN: 2, DET: 7"
1332,чадо,0,0,0,
985,благоухание,0,0,0,
3328,тоска,0,0,0,
779,дуновение,0,0,0,
1251,навоз,0,0,0,
3247,зловонный,0,0,0,
1189,пахнуть,2,2,7,"ADV: 3, VERB_HEAD: 2, NOUN: 2"
2896,вонь,0,0,0,
623,душок,1,1,1,VERB_HEAD: 1
2777,скверна,0,0,0,
2551,веять,0,0,0,
1112,попахивать,0,0,0,
3182,фимиам,0,0,0,
559,амбра,0,0,0,
304,фимиам,0,0,0,
2338,нюхать,0,0,0,
1971,пахучий,0,0,0,
52,миазмы,0,0,0,
2772,пригарь,0,0,0,
633,тухлятина,0,0,0,
450,амбре,0,0,0,
3395,скука,0,0,0,
405,смрад,0,0,0,
2246,обоняние,0,0,0,
1059,запашок,0,0,0,
878,зловоние,0,0,0,
679,благоухать,0,0,0,
983,душок,0,0,0,
375,запашок,0,0,0,
976,аромат,0,0,0,
729,смрад,4,4,7,"NOUN: 2, OTHER: 2, VERB_HEAD: 2, ADJ: 1"
1242,амбре,0,0,0,
680,попахивать,0,0,0,
408,благовоние,0,0,0,
2823,скверна,0,0,0,
1160,перегар,0,0,0,
2611,потеть,0,0,0,
982,парфюм,0,0,0,
11,благовоние,0,0,0,
1152,чадо,0,0,0,
1384,фимиам,0,0,0,
1330,смердеть,0,0,0,
821,веять,0,0,0,
1826,дым,23,17,31,"ADV: 1, VERB_HEAD: 10, OTHER: 8, VERB_CHILD: 1, NOUN: 4, ADJ: 6, PRON: 1"
2709,одеколон,0,0,0,
2806,перегар,0,0,0,
903,одеколон,0,0,0,
1490,зловоние,0,0,0,
2578,парфюм,0,0,0,
736,фимиам,0,0,0,
1947,пахучий,0,0,0,
457,скверна,0,0,0,
1041,разить,0,0,0,
302,зловоние,0,0,0,
3416,тоска,8,6,11,"CCONJ: 1, VERB_HEAD: 6, ADJ: 1, NOUN: 3"
3367,скука,7,5,9,"PUNCT: 3, NOUN: 1, DET: 1, VERB: 1, VERB_HEAD: 3"
3370,тоска,3,3,6,"DET: 2, VERB_HEAD: 3, ADJ: 1"
3284,тоска,3,3,9,"VERB: 1, VERB_HEAD: 2, AUX: 1, DET: 2, NOUN: 3"
2989,запах,6,5,15,"NOUN: 5, DET: 1, PART: 1, ADP: 1, CCONJ: 2, VERB: 1, VERB_HEAD: 2, ADJ: 2"
774,амбре,0,0,0,
1385,миазмы,0,0,0,
3385,скука,0,0,0,
1726,смердеть,0,0,0,
2645,благоухать,0,0,0,
2928,душистый,0,0,0,
1267,запах,1,1,2,"VERB_HEAD: 1, NOUN: 1"
992,пригарь,0,0,0,
894,вонять,0,0,0,
2797,обонять,0,0,0,
1357,скверна,0,0,0,
1020,благовоние,0,0,0,
2222,пот,0,0,0,
2216,пот,3,3,8,"OTHER: 2, ADJ: 1, NOUN: 2, PRON: 1, VERB_HEAD: 2"
558,амбре,0,0,0,
1720,дерьмо,0,0,0,
1538,дым,30,26,49,"NOUN: 8, VERB_HEAD: 23, VERB_CHILD: 1, ADJ: 9, OTHER: 8"
598,испарение,0,0,0,
471,одеколон,0,0,0,
2505,веять,0,0,0,
2221,потеть,0,0,0,
1051,запах,9,8,25,"OTHER: 3, ADJ: 3, NOUN: 12, VERB_HEAD: 7"
1424,пригарь,0,0,0,
287,чадить,0,0,0,
2511,чадить,0,0,0,
3066,душистый,0,0,0,
167,ладан,0,0,0,
290,дух,0,0,0,
3169,одеколон,0,0,0,
1716,ладан,1,1,3,"OTHER: 1, VERB_HEAD: 1, NOUN: 1"
1352,пригарь,0,0,0,
3238,зловонный,0,0,0,
2694,смердеть,0,0,0,
1441,пахнуть,1,1,2,"PRON: 1, OTHER: 1"
367,запах,9,9,19,"VERB_HEAD: 7, NOUN: 8, OTHER: 1, ADJ: 2, VERB_CHILD: 1"
2458,пахнуть,0,0,0,
2091,потный,0,0,0,
1389,тухлятина,0,0,0,
572,попахивать,0,0,0,
1735,запах,20,20,47,"NOUN: 15, VERB_CHILD: 2, OTHER: 8, VERB_HEAD: 15, ADJ: 7"
2326,обоняние,0,0,0,
3333,скука,1,0,0,
1240,фимиам,0,0,0,
3349,скука,0,0,0,
2649,чадить,0,0,0,
1946,вонючий,0,0,0,
2905,запашок,0,0,0,
869,букет,0,0,0,
3087,благоухание,3,3,5,"DET: 2, VERB_HEAD: 2, NOUN: 1"
2339,нюхать,0,0,0,
864,чадо,0,0,0,
1584,чадо,0,0,0,
2805,запах,2,2,3,"NOUN: 1, VERB_HEAD: 2"
2639,скверна,0,0,0,
332,перегар,2,2,3,"ADJ: 1, NOUN: 1, VERB_HEAD: 1"
3091,миазмы,2,2,6,"CCONJ: 1, ADJ: 1, DET: 1, VERB: 1, NOUN: 1, VERB_HEAD: 1"
1812,благовоние,0,0,0,
885,тухлятина,0,0,0,
3108,смердеть,0,0,0,
2095,потеть,0,0,0,
2554,попахивать,0,0,0,
1275,запашок,0,0,0,
1107,навоз,0,0,0,
1465,скверна,0,0,0,
1157,букет,0,0,0,
625,благоухание,0,0,0,
1155,одеколон,3,2,4,"ADJ: 1, OTHER: 2, VERB_HEAD: 1"
617,букет,12,10,21,"VERB_HEAD: 8, OTHER: 9, ADJ: 2, PRON: 1, NOUN: 1"
3173,запах,7,7,15,"CCONJ: 1, VERB_HEAD: 6, ADJ: 3, NOUN: 5"
3014,попахивать,0,0,0,
3181,запашок,0,0,0,
2022,вонять,0,0,0,
3296,тоска,2,2,3,"NOUN: 1, VERB_HEAD: 2"
819,навоз,0,0,0,
2522,обоняние,1,1,2,"VERB_HEAD: 1, DET: 1"
817,скверна,0,0,0,
1891,душистый,0,0,0,
1840,пахучий,1,0,0,
299,душок,0,0,0,
169,дым,5,5,9,"NOUN: 1, VERB_HEAD: 3, VERB_CHILD: 1, ADJ: 3, ADV: 1"
2561,вонючий,0,0,0,
605,веять,0,0,0,
3240,зловонный,0,0,0,
660,благовоние,0,0,0,
2871,навоз,0,0,0,
910,парфюм,0,0,0,
236,пригарь,0,0,0,
3397,скука,0,0,0,
2970,смердеть,0,0,0,
2362,нюхать,1,1,1,VERB_HEAD: 1
2334,обоняние,0,0,0,
1751,дуновение,0,0,0,
1626,вонь,1,1,1,VERB_HEAD: 1
454,испарение,2,1,7,"VERB_HEAD: 1, NOUN: 5, ADJ: 1"
2077,потеть,0,0,0,
3359,скука,1,0,0,
227,душок,0,0,0,
3143,дуновение,0,0,0,
500,попахивать,0,0,0,
1204,фимиам,0,0,0,
2590,испарение,0,0,0,
73,дух,0,0,0,
2646,попахивать,0,0,0,
2980,нюхать,0,0,0,
2179,потеть,0,0,0,
1874,пахучий,0,0,0,
1085,букет,9,8,12,"VERB_HEAD: 7, NOUN: 2, OTHER: 3"
2769,миазмы,0,0,0,
121,зловоние,0,0,0,
3188,испарение,0,0,0,
1438,смердеть,0,0,0,
1407,одеколон,0,0,0,
561,тухлятина,0,0,0,
3017,чадить,0,0,0,
2158,потеть,0,0,0,
2627,благоухание,0,0,0,
2386,нюхать,0,0,0,
2353,нюхать,0,0,0,
1088,перегар,0,0,0,
3323,скука,0,0,0,
468,чадо,3,3,8,"VERB_HEAD: 2, VERB_CHILD: 2, ADJ: 3, OTHER: 1"
721,пахнуть,0,0,0,
3358,тоска,0,0,0,
1100,пригарь,0,0,0,
2842,нюхать,2,1,4,"ADV: 1, VERB_HEAD: 1, CCONJ: 1, VERB: 1"
1270,парфюм,0,0,0,
1436,попахивать,0,0,0,
3346,тоска,1,0,0,
1945,душистый,0,0,0,
1455,запашок,0,0,0,
321,разить,0,0,0,
2223,потный,0,0,0,
2456,чадить,0,0,0,
2622,перегар,0,0,0,
105,смердеть,0,0,0,
402,вонь,0,0,0,
3187,тухлятина,0,0,0,
3410,тоска,0,0,0,
3223,зловонный,0,0,0,
2932,потный,2,0,0,
2104,потеть,0,0,0,
1487,душок,0,0,0,
1391,дуновение,0,0,0,
467,чадить,1,1,2,"NOUN: 1, VERB_HEAD: 1"
327,одеколон,2,1,1,VERB_HEAD: 1
2026,смердеть,0,0,0,
1177,скверна,0,0,0,
3302,тоска,9,8,15,"ADJ: 2, NOUN: 4, DET: 2, VERB_HEAD: 6, VERB: 1"
1566,амбре,0,0,0,
1343,душок,0,0,0,
2746,пахучий,0,0,0,
1222,смердеть,0,0,0,
1921,душистый,0,0,0,
1358,дым,5,4,10,"VERB_HEAD: 3, ADJ: 3, OTHER: 1, NOUN: 2, ADV: 1"
2978,потный,0,0,0,
600,ладан,0,0,0,
772,фимиам,0,0,0,
335,душок,2,2,6,"VERB_HEAD: 2, ADJ: 2, NOUN: 2"
3090,фимиам,0,0,0,
1596,благовоние,0,0,0,
1756,дерьмо,0,0,0,
1695,одеколон,3,3,5,"ADJ: 1, NOUN: 2, OTHER: 2"
1768,аромат,7,7,15,"ADJ: 4, NOUN: 5, VERB_CHILD: 1, OTHER: 1, VERB_HEAD: 4"
827,чадить,0,0,0,
254,дух,3,2,5,"ADJ: 2, OTHER: 2, NOUN: 1"
1360,дерьмо,0,0,0,
377,миазмы,0,0,0,
952,фимиам,0,0,0,
159,фимиам,0,0,0,
2489,благоухание,0,0,0,
619,запах,17,16,41,"ADJ: 14, OTHER: 13, VERB_HEAD: 7, VERB_CHILD: 2, NOUN: 5"
890,дым,0,0,0,
2903,благоухание,1,1,1,VERB_HEAD: 1
2107,потеть,0,0,0,
1214,дым,4,4,6,"OTHER: 2, VERB_HEAD: 4"
1394,дым,17,14,26,"ADJ: 4, VERB_CHILD: 1, PRON: 1, NOUN: 2, VERB_HEAD: 10, OTHER: 8"
3102,дерьмо,0,0,0,
517,благоухание,2,2,6,"VERB_HEAD: 2, VERB_CHILD: 1, ADJ: 1, OTHER: 2"
1873,вонючий,0,0,0,
1957,душистый,0,0,0,
3352,тоска,2,1,2,"VERB_HEAD: 1, PROPN: 1"
2102,пот,7,3,6,"NOUN: 1, OTHER: 1, VERB_CHILD: 1, VERB_HEAD: 2, ADJ: 1"
129,испарение,0,0,0,
1838,душистый,0,0,0,
1181,веять,0,0,0,
1491,запашок,0,0,0,
1023,запашок,0,0,0,
1172,пригарь,0,0,0,
2889,обонять,0,0,0,
2517,пот,5,3,4,"PART: 1, VERB_HEAD: 3"
1208,пригарь,0,0,0,
1034,дым,112,100,196,"VERB_HEAD: 81, NOUN: 20, VERB_CHILD: 7, ADV: 2, OTHER: 46, ADJ: 40"
2003,душок,0,0,0,
330,вонь,1,1,2,"ADJ: 1, NOUN: 1"
1903,душистый,0,0,0,
1220,попахивать,0,0,0,
451,амбра,0,0,0,
1634,зловоние,1,1,1,VERB_HEAD: 1
1363,благоухать,0,0,0,
1042,смердеть,0,0,0,
2371,нюхать,0,0,0,
1404,чадо,0,0,0,
615,одеколон,0,0,0,
3195,веять,0,0,0,
830,дух,2,2,3,"VERB_CHILD: 1, VERB_HEAD: 2"
3151,благоухать,0,0,0,
1545,разить,0,0,0,
1581,разить,0,0,0,
1482,вонь,0,0,0,
2268,обоняние,0,0,0,
1340,перегар,0,0,0,
964,дерьмо,1,1,1,VERB_HEAD: 1
601,скверна,0,0,0,
2974,душистый,0,0,0,
1425,тухлятина,0,0,0,
678,вонять,0,0,0,
812,пригарь,0,0,0,
1390,испарение,0,0,0,
579,одеколон,0,0,0,
510,вонь,1,1,3,"OTHER: 1, NOUN: 1, ADJ: 1"
3083,смрад,0,0,0,
2280,обоняние,0,0,0,
198,амбра,0,0,0,
212,разить,0,0,0,
28,веять,0,0,0,
3326,тоска,0,0,0,
1796,попахивать,0,0,0,
1089,смрад,1,0,0,
1656,чадо,0,0,0,
2208,потный,0,0,0,
720,чадо,0,0,0,
2913,дуновение,0,0,0,
2358,нюхать,0,0,0,
1605,тухлятина,0,0,0,
515,душок,0,0,0,
1256,попахивать,0,0,0,
3080,вонь,3,2,5,"ADJ: 1, VERB_HEAD: 1, NOUN: 3"
1000,дерьмо,0,0,0,
3310,тоска,6,5,9,"X: 1, ADJ: 1, NOUN: 3, CCONJ: 2, VERB_HEAD: 2"
2205,потный,0,0,0,
706,испарение,0,0,0,
2836,душистый,0,0,0,
2139,потный,0,0,0,
571,благоухать,0,0,0,
1423,амбра,0,0,0,
956,пригарь,0,0,0,
1730,дух,0,0,0,
694,парфюм,0,0,0,
213,смердеть,0,0,0,
1114,смердеть,0,0,0,
833,букет,3,3,5,"VERB_HEAD: 1, ADV: 1, NOUN: 3"
3260,зловонный,0,0,0,
1244,пригарь,0,0,0,
3335,скука,8,5,9,"CCONJ: 1, VERB_HEAD: 2, PUNCT: 1, PART: 2, NOUN: 3"
2416,ароматный,1,0,0,
752,попахивать,0,0,0,
1013,букет,1,1,1,VERB_HEAD: 1
1760,попахивать,0,0,0,
1553,букет,0,0,0,
594,амбре,0,0,0,
460,дерьмо,1,1,1,OTHER: 1
2201,пот,0,0,0,
265,благоухание,0,0,0,
1839,вонючий,1,0,0,
1530,амбре,0,0,0,
851,дуновение,0,0,0,
3095,тухлятина,0,0,0,
3256,зловонный,0,0,0,
893,веять,0,0,0,
993,тухлятина,0,0,0,
2689,веять,0,0,0,
2256,обоняние,1,1,1,VERB_HEAD: 1
805,благоухание,1,1,2,"OTHER: 1, VERB_HEAD: 1"
1822,испарение,0,0,0,
2111,пот,5,3,4,"VERB_HEAD: 3, NOUN: 1"
1139,дуновение,0,0,0,
413,миазмы,0,0,0,
2697,пахнуть,0,0,0,
649,пахнуть,1,1,2,"NOUN: 1, OTHER: 1"
1342,парфюм,0,0,0,
421,скверна,0,0,0,
1498,испарение,0,0,0,
25,дым,108,87,180,"ADV: 2, NOUN: 27, PRON: 2, VERB_CHILD: 11, OTHER: 59, VERB_HEAD: 61, ADJ: 18"
141,смердеть,0,0,0,
3088,зловоние,0,0,0,
2664,аромат,0,0,0,
2512,чадо,0,0,0,
1420,фимиам,0,0,0,
1320,ладан,0,0,0,
465,разить,0,0,0,
449,миазмы,0,0,0,
1853,душистый,0,0,0,
64,веять,0,0,0,
2714,перегар,0,0,0,
2185,потеть,0,0,0,
1421,миазмы,0,0,0,
828,чадо,0,0,0,
2468,вонючий,0,0,0,
2429,ароматный,0,0,0,
3309,скука,1,1,4,"DET: 1, PRON: 1, ADP: 1, NOUN: 1"
1587,одеколон,2,1,2,"OTHER: 1, VERB_HEAD: 1"
839,душок,0,0,0,
2285,обонять,0,0,0,
1075,благоухать,0,0,0,
1128,благовоние,0,0,0,
1284,ладан,0,0,0,
874,парфюм,0,0,0,
2922,попахивать,0,0,0,
1899,пахучий,0,0,0,
1691,чадить,0,0,0,
2108,пот,40,29,40,"OTHER: 9, ADJ: 6, VERB_CHILD: 1, VERB_HEAD: 16, NOUN: 5, PRON: 3"
946,парфюм,0,0,0,
770,зловоние,0,0,0,
271,амбра,0,0,0,
22,дуновение,0,0,0,
3042,зловоние,0,0,0,
2740,смердеть,0,0,0,
2541,амбра,0,0,0,
1175,дуновение,0,0,0,
529,скверна,0,0,0,
2686,дым,0,0,0,
390,вонять,0,0,0,
2152,потеть,0,0,0,
1833,разить,0,0,0,
189,парфюм,0,0,0,
2025,разить,0,0,0,
1431,навоз,0,0,0,
120,благоухание,2,2,3,"VERB_HEAD: 2, ADV: 1"
2082,потный,0,0,0,
802,парфюм,0,0,0,
578,дух,0,0,0,
2259,обонять,0,0,0,
1415,душок,0,0,0,
2332,обоняние,0,0,0,
2652,душистый,0,0,0,
1510,смердеть,0,0,0,
2785,разить,0,0,0,
1749,тухлятина,0,0,0,
2006,зловоние,0,0,0,
2313,обонять,0,0,0,
1692,чадо,3,2,2,VERB_HEAD: 2
1194,вонь,1,1,2,"VERB_HEAD: 1, OTHER: 1"
1463,дуновение,0,0,0,
2400,ароматный,0,0,0,
3001,амбра,0,0,0,
315,навоз,0,0,0,
1162,парфюм,0,0,0,
2962,дым,1,1,3,"ADP: 1, DET: 1, VERB_HEAD: 1"
1841,душистый,1,0,0,
1239,запашок,0,0,0,
54,амбра,0,0,0,
181,#дух,0,0,0,
3375,скука,13,9,17,"ADV: 1, NOUN: 3, CCONJ: 1, VERB_HEAD: 1, PUNCT: 3, ADJ: 2, PRON: 3, DET: 3"
1755,навоз,12,10,15,"OTHER: 5, NOUN: 2, ADJ: 1, VERB_HEAD: 6, VERB_CHILD: 1"
2827,веять,0,0,0,
963,навоз,5,5,8,"NOUN: 3, VERB_HEAD: 1, ADJ: 2, OTHER: 2"
1278,амбре,0,0,0,
2533,душок,0,0,0,
2015,дуновение,0,0,0,
2630,фимиам,1,1,1,VERB_HEAD: 1
1007,чадить,0,0,0,
1880,пахучий,0,0,0,
391,благоухать,0,0,0,
487,амбра,0,0,0,
1664,перегар,3,3,8,"ADJ: 4, VERB_HEAD: 2, OTHER: 2"
1190,дух,0,0,0,
2609,пот,2,0,0,
2183,пот,4,4,6,"OTHER: 1, VERB_HEAD: 3, ADJ: 2"
1920,пахучий,0,0,0,
3287,скука,0,0,0,
1321,скверна,0,0,0,
745,скверна,0,0,0,
1216,дерьмо,0,0,0,
3285,скука,2,2,4,"NOUN: 1, PART: 1, VERB: 1, DET: 1"
3061,разить,0,0,0,
1324,дерьмо,0,0,0,
777,тухлятина,0,0,0,
1325,веять,0,0,0,
186,запах,0,0,0,
2198,пот,4,4,5,"OTHER: 2, VERB_HEAD: 3"
501,разить,0,0,0,
2159,пот,1,0,0,
750,вонять,0,0,0,
1952,вонючий,0,0,0,
1679,дуновение,0,0,0,
545,букет,1,1,1,VERB_HEAD: 1
977,букет,0,0,0,
18,амбра,0,0,0,
3355,скука,0,0,0,
2733,навоз,0,0,0,
2586,амбре,0,0,0,
2127,потный,5,2,2,"VERB_HEAD: 1, OTHER: 1"
27,дерьмо,0,0,0,
143,чадо,0,0,0,
58,дуновение,0,0,0,
2752,обоняние,0,0,0,
228,благовоние,0,0,0,
850,испарение,0,0,0,
294,вонь,0,0,0,
1800,чадо,0,0,0,
1629,смрад,0,0,0,
258,вонь,0,0,0,
2178,потный,2,1,1,ADJ: 1
483,запашок,0,0,0,
1708,фимиам,0,0,0,
2274,обоняние,0,0,0,
646,смердеть,0,0,0,
1259,чадить,0,0,0,
379,амбра,0,0,0,
320,попахивать,0,0,0,
115,перегар,0,0,0,
2401,ароматный,0,0,0,
127,пригарь,0,0,0,
1697,букет,6,5,11,"VERB_CHILD: 1, NOUN: 4, OTHER: 1, VERB_HEAD: 5"
1285,скверна,0,0,0,
3196,вонять,0,0,0,
2171,пот,2,0,0,
2121,потный,2,0,0,
1924,душистый,0,0,0,
3415,скука,6,4,7,"NOUN: 1, PUNCT: 2, PART: 1, VERB_HEAD: 2, DET: 1"
2987,букет,9,9,17,"VERB_HEAD: 7, PROPN: 1, PART: 1, NOUN: 5, ADP: 3"
1447,запах,0,0,0,
1866,душистый,0,0,0,
676,дерьмо,2,2,4,"OTHER: 2, VERB_HEAD: 2"
153,парфюм,0,0,0,
214,чадить,0,0,0,
2389,нюхать,0,0,0,
3041,благоухание,0,0,0,
2839,пот,1,1,3,"VERB_HEAD: 1, ADJ: 1, ADP: 1"
1753,скверна,0,0,0,
2218,потеть,0,0,0,
3379,скука,0,0,0,
2715,смрад,0,0,0,
945,смрад,2,2,4,"VERB_CHILD: 1, NOUN: 1, VERB_HEAD: 1, OTHER: 1"
3392,тоска,0,0,0,
1951,душистый,0,0,0,
1203,запашок,0,0,0,
1915,душистый,0,0,0,
840,благовоние,0,0,0,
2109,потный,7,1,2,"ADJ: 1, VERB_HEAD: 1"
2945,смрад,0,0,0,
3,аромат,1,1,1,NOUN: 1
921,тухлятина,0,0,0,
1227,одеколон,2,2,7,"VERB_HEAD: 2, NOUN: 2, VERB_CHILD: 1, OTHER: 2"
1780,фимиам,0,0,0,
2012,пригарь,0,0,0,
1295,чадить,0,0,0,
3178,благовоние,0,0,0,
2904,зловоние,0,0,0,
2151,потный,3,2,2,NOUN: 2
2780,дерьмо,0,0,0,
3007,скверна,0,0,0,
2741,чадить,0,0,0,
3099,скверна,0,0,0,
1870,вонючий,0,0,0,
2676,фимиам,0,0,0,
978,вонь,0,0,0,
387,навоз,4,4,9,"OTHER: 3, NOUN: 4, VERB_CHILD: 1, VERB_HEAD: 1"
3111,пахнуть,0,0,0,
2706,обоняние,0,0,0,
2597,веять,0,0,0,
3105,благоухать,0,0,0,
2967,благоухать,0,0,0,
2716,парфюм,0,0,0,
1337,букет,0,0,0,
3132,благовоние,0,0,0,
2531,смрад,0,0,0,
1209,тухлятина,0,0,0,
2306,обоняние,1,1,2,"VERB_HEAD: 1, PRON: 1"
3380,тоска,1,1,2,"DET: 1, VERB_HEAD: 1"
2559,пахнуть,0,0,0,
2674,зловоние,0,0,0,
793,пахнуть,0,0,0,
2380,нюхать,1,1,3,"ADV: 1, VERB_HEAD: 1, NOUN: 1"
2681,тухлятина,0,0,0,
702,амбре,0,0,0,
194,запашок,0,0,0,
2230,потеть,1,1,2,"VERB_HEAD: 1, ADV: 1"
1620,чадо,1,0,0,
2096,пот,1,1,1,VERB_HEAD: 1
476,перегар,0,0,0,
2156,пот,15,15,27,"VERB_HEAD: 13, OTHER: 5, VERB_CHILD: 1, NOUN: 2, ADJ: 6"
883,амбра,0,0,0,
374,зловоние,1,1,3,"VERB_HEAD: 1, ADJ: 2"
1544,попахивать,0,0,0,
1632,благовоние,0,0,0,
1210,испарение,0,0,0,
719,чадить,0,0,0,
2975,вонючий,0,0,0,
318,вонять,0,0,0,
933,разить,1,1,2,NOUN: 2
647,чадить,0,0,0,
593,миазмы,0,0,0,
293,букет,11,11,22,"OTHER: 7, VERB_CHILD: 1, NOUN: 3, VERB_HEAD: 9, ADJ: 2"
2659,обонять,0,0,0,
154,душок,0,0,0,
234,амбре,0,0,0,
2969,разить,0,0,0,
1666,парфюм,0,0,0,
2557,чадить,0,0,0,
1910,вонючий,1,0,0,
2049,амбре,0,0,0,
2582,зловоние,0,0,0,
351,навоз,9,6,12,"NOUN: 5, VERB_HEAD: 3, PRON: 1, ADJ: 1, OTHER: 2"
3371,скука,0,0,0,
1733,букет,5,4,9,"NOUN: 3, VERB_HEAD: 3, ADJ: 3"
2318,обоняние,2,2,4,"VERB_HEAD: 1, NOUN: 2, OTHER: 1"
970,смердеть,0,0,0,
1974,пахучий,0,0,0,
732,благовоние,0,0,0,
1711,амбра,0,0,0,
1627,запах,28,26,69,"PRON: 1, VERB_CHILD: 2, ADJ: 16, NOUN: 21, OTHER: 12, VERB_HEAD: 17"
3200,смердеть,0,0,0,
2556,смердеть,0,0,0,
734,зловоние,5,5,10,"VERB_CHILD: 1, ADJ: 3, OTHER: 1, VERB_HEAD: 5"
2053,испарение,0,0,0,
1563,запашок,0,0,0,
2501,скверна,0,0,0,
1219,благоухать,0,0,0,
3160,пахучий,0,0,0,
1827,навоз,4,3,8,"VERB_CHILD: 1, OTHER: 2, ADJ: 1, VERB_HEAD: 2, NOUN: 2"
626,зловоние,1,1,2,"NOUN: 1, ADJ: 1"
470,дух,0,0,0,
1565,миазмы,0,0,0,
2632,амбре,0,0,0,
2018,дым,13,12,22,"VERB_CHILD: 2, OTHER: 4, ADJ: 7, VERB_HEAD: 8, NOUN: 1"
3134,зловоние,0,0,0,
478,парфюм,0,0,0,
577,пахнуть,1,1,5,"OTHER: 3, VERB_HEAD: 1, NOUN: 1"
2768,фимиам,0,0,0,
1057,благоухание,0,0,0,
2310,обоняние,0,0,0,
634,испарение,0,0,0,
2995,благоухание,0,0,0,
1771,запах,18,18,44,"VERB_CHILD: 2, OTHER: 3, ADJ: 9, PRON: 1, NOUN: 13, VERB_HEAD: 16"
2225,пот,2,1,1,VERB_HEAD: 1
2374,нюхать,0,0,0,
1016,перегар,4,3,5,"ADJ: 2, VERB_HEAD: 3"
2703,потеть,0,0,0,
2509,разить,0,0,0,
2284,обоняние,0,0,0,
1661,букет,8,8,15,"VERB_CHILD: 1, NOUN: 6, VERB_HEAD: 7, OTHER: 1"
954,амбре,0,0,0,
3128,перегар,0,0,0,
2440,ароматный,0,0,0,
2267,обонять,0,0,0,
3129,смрад,0,0,0,
3109,чадить,0,0,0,
2181,потный,0,0,0,
2837,вонючий,0,0,0,
1409,букет,4,2,3,"OTHER: 1, VERB_HEAD: 2"
2453,чадить,0,0,0,
1427,дуновение,0,0,0,
686,дух,0,0,0,
3126,вонь,0,0,0,
1658,дух,3,2,4,"ADJ: 1, OTHER: 1, VERB_HEAD: 2"
303,запашок,0,0,0,
2583,запашок,0,0,0,
974,дух,0,0,0,
1406,дух,0,0,0,
1849,пахучий,0,0,0,
3110,чадо,0,0,0,
2549,навоз,3,1,3,"ADP: 1, VERB: 1, VERB_HEAD: 1"
1149,разить,0,0,0,
2570,дух,2,1,2,"DET: 1, VERB: 1"
93,испарение,0,0,0,
89,амбре,0,0,0,
3341,скука,0,0,0,
1513,пахнуть,0,0,0,
1871,пахучий,1,0,0,
609,разить,0,0,0,
1286,дым,5,5,11,"ADJ: 6, VERB_HEAD: 3, OTHER: 2"
195,фимиам,0,0,0,
3163,потеть,0,0,0,
1529,миазмы,0,0,0,
1153,пахнуть,0,0,0,
3354,тоска,3,2,4,"ADJ: 1, NOUN: 1, VERB_HEAD: 2"
3063,чадить,0,0,0,
3067,вонючий,0,0,0,
2924,смердеть,0,0,0,
1744,фимиам,0,0,0,
2994,благовоние,0,0,0,
2036,букет,0,0,0,
1047,одеколон,0,0,0,
2789,пахнуть,0,0,0,
2876,попахивать,0,0,0,
2320,обоняние,0,0,0,
2195,пот,4,2,4,"OTHER: 1, ADJ: 1, VERB_HEAD: 2"
2490,зловоние,0,0,0,
892,дерьмо,0,0,0,
2660,обоняние,1,1,2,"VERB: 1, VERB_HEAD: 1"
1083,одеколон,0,0,0,
1675,амбра,0,0,0,
3399,скука,0,0,0,
503,чадить,0,0,0,
1154,дух,0,0,0,
1888,вонючий,0,0,0,
3185,амбра,0,0,0,
1356,ладан,0,0,0,
994,испарение,0,0,0,
1099,амбра,0,0,0,
3152,попахивать,0,0,0,
2923,разить,0,0,0,
2778,дым,16,12,23,"VERB: 2, PART: 1, ADP: 6, ADJ: 3, VERB_HEAD: 10, ADV: 1"
2537,запашок,0,0,0,
2209,потеть,0,0,0,
1893,пахучий,1,1,3,"NOUN: 1, OTHER: 1, VERB_HEAD: 1"
962,дым,44,30,60,"OTHER: 22, ADJ: 10, VERB_CHILD: 1, PRON: 1, VERB_HEAD: 16, NOUN: 10"
106,чадить,0,0,0,
1200,благовоние,0,0,0,
3194,дерьмо,0,0,0,
2177,пот,2,2,4,"OTHER: 2, NOUN: 1, VERB_HEAD: 1"
1010,дух,2,2,6,"NOUN: 3, VERB_HEAD: 1, ADJ: 2"
178,чадить,0,0,0,
2899,смрад,0,0,0,
3356,тоска,7,6,13,"ADJ: 2, NOUN: 4, ADV: 1, VERB_HEAD: 3, VERB: 1, CCONJ: 2"
3234,зловонный,0,0,0,
795,одеколон,0,0,0,
8,смрад,0,0,0,
934,смердеть,0,0,0,
1690,смердеть,0,0,0,
1556,перегар,0,0,0,
3026,нюхать,0,0,0,
370,парфюм,0,0,0,
2560,душистый,1,0,0,
1135,амбра,0,0,0,
2843,обонять,0,0,0,
2972,чадо,0,0,0,
2565,потеть,0,0,0,
2076,потный,1,0,0,
2525,одеколон,1,0,0,
1234,парфюм,0,0,0,
854,дым,10,8,16,"ADJ: 6, OTHER: 4, VERB_HEAD: 5, NOUN: 1"
389,веять,0,0,0,
2422,ароматный,0,0,0,
1471,благоухать,0,0,0,
3086,благовоние,0,0,0,
60,скверна,0,0,0,
2382,нюхать,0,0,0,
518,зловоние,1,1,2,"VERB_CHILD: 1, VERB_HEAD: 1"
2996,зловоние,0,0,0,
1299,одеколон,1,1,2,"VERB_HEAD: 1, NOUN: 1"
2247,обонять,0,0,0,
2571,одеколон,2,1,1,ADJ: 1
2883,вонючий,0,0,0,
1488,благовоние,0,0,0,
2542,пригарь,0,0,0,
715,благоухать,0,0,0,
235,амбра,0,0,0,
3189,дуновение,0,0,0,
2612,нюхать,0,0,0,
763,запах,0,0,0,
338,зловоние,0,0,0,
1066,испарение,0,0,0,
2858,зловоние,0,0,0,
358,смердеть,0,0,0,
2442,ароматный,0,0,0,
950,зловоние,0,0,0,
3317,скука,5,4,8,"PRON: 1, CCONJ: 2, AUX: 1, VERB_HEAD: 1, ADP: 1, NOUN: 1, SCONJ: 1"
1168,фимиам,0,0,0,
2958,испарение,0,0,0,
1527,запашок,0,0,0,
1260,чадо,0,0,0,
3121,ароматный,0,0,0,
232,фимиам,1,1,1,ADJ: 1
77,вонь,0,0,0,
3158,душистый,0,0,0,
131,ладан,2,2,4,"OTHER: 2, VERB_HEAD: 2"
3064,чадо,1,0,0,
1624,аромат,2,2,2,ADJ: 2
3254,зловонный,0,0,0,
1609,скверна,0,0,0,
353,веять,0,0,0,
939,одеколон,2,2,4,"ADJ: 2, VERB_HEAD: 2"
834,вонь,1,1,1,OTHER: 1
1164,благовоние,0,0,0,
1443,одеколон,0,0,0,
1344,благовоние,0,0,0,
333,смрад,0,0,0,
2263,обонять,0,0,0,
1446,вонь,0,0,0,
2863,амбра,0,0,0,
134,навоз,0,0,0,
1430,дым,5,5,9,"VERB_HEAD: 3, OTHER: 3, NOUN: 1, ADJ: 2"
2467,пахнуть,0,0,0,
2616,дух,0,0,0,
1241,миазмы,0,0,0,
3217,зловонный,1,1,2,"CCONJ: 1, NOUN: 1"
102,благоухать,0,0,0,
3037,смрад,1,1,2,"VERB_HEAD: 1, PROPN: 1"
2090,пот,0,0,0,
1677,тухлятина,2,2,6,"NOUN: 1, OTHER: 5"
2328,обоняние,0,0,0,
1901,вонючий,0,0,0,
1884,душистый,0,0,0,
3258,зловонный,0,0,0,
1410,вонь,0,0,0,
1758,вонять,1,1,3,"ADV: 1, VERB_HEAD: 1, OTHER: 1"
1442,дух,0,0,0,
365,букет,0,0,0,
704,пригарь,0,0,0,
2775,дуновение,0,0,0,
2692,попахивать,0,0,0,
157,зловоние,2,1,1,OTHER: 1
3172,вонь,1,1,1,VERB_HEAD: 1
1559,душок,0,0,0,
2563,пот,4,2,3,"CCONJ: 1, VERB_HEAD: 1, ADJ: 1"
618,вонь,3,3,5,"VERB_HEAD: 2, OTHER: 1, NOUN: 2"
1851,вонючий,0,0,0,
313,скверна,0,0,0,
2046,запашок,0,0,0,
140,разить,0,0,0,
3325,скука,1,1,2,"ADV: 1, VERB_HEAD: 1"
3388,тоска,1,1,2,"ADJ: 1, NOUN: 1"
137,вонять,0,0,0,
191,благовоние,0,0,0,
3368,тоска,5,3,5,"VERB_HEAD: 3, PART: 1, ADJ: 1"
1972,душистый,4,3,10,"VERB_HEAD: 1, OTHER: 6, ADV: 1, PRON: 1, ADJ: 1"
1539,навоз,1,1,2,"OTHER: 1, NOUN: 1"
1736,перегар,0,0,0,
1131,запашок,0,0,0,
1625,букет,1,1,1,VERB_HEAD: 1
2460,пахнуть,0,0,0,
742,испарение,0,0,0,
2771,амбра,2,2,2,"VERB_HEAD: 1, ADJ: 1"
1158,вонь,2,2,2,ADJ: 2
1037,веять,0,0,0,
184,букет,6,6,11,"VERB_CHILD: 1, NOUN: 2, OTHER: 2, ADJ: 1, VERB_HEAD: 5"
87,фимиам,0,0,0,
753,разить,2,2,7,"VERB_HEAD: 2, OTHER: 1, NOUN: 4"
1300,аромат,0,0,0,
550,парфюм,0,0,0,
2640,дым,24,23,36,"DET: 1, ADV: 1, CCONJ: 3, ADJ: 7, VERB: 3, VERB_HEAD: 11, NOUN: 3, ADP: 7"
2407,ароматный,0,0,0,
394,смердеть,0,0,0,
272,пригарь,0,0,0,
2564,потный,0,0,0,
1437,разить,0,0,0,
2414,ароматный,0,0,0,
3402,тоска,2,2,2,"CCONJ: 1, VERB_HEAD: 1"
2846,дух,0,0,0,
2595,навоз,6,4,18,"NOUN: 7, VERB: 2, ADJ: 3, ADV: 1, VERB_HEAD: 2, ADP: 1, PUNCT: 1, CCONJ: 1"
424,дерьмо,0,0,0,
2809,душок,0,0,0,
2438,ароматный,0,0,0,
2094,потный,0,0,0,
2758,вонь,0,0,0,
2443,ароматный,0,0,0,
309,тухлятина,0,0,0,
1612,дерьмо,0,0,0,
1854,вонючий,0,0,0,
1366,смердеть,0,0,0,
2423,ароматный,0,0,0,
156,благоухание,0,0,0,
2783,благоухать,0,0,0,
2981,обонять,0,0,0,
3307,скука,31,28,58,"NOUN: 9, PUNCT: 3, VERB: 9, CCONJ: 1, SCONJ: 1, ADJ: 6, PRON: 2, PART: 2, DET: 4, ADP: 1, VERB_HEAD: 19, ADV: 1"
1235,душок,0,0,0,
282,вонять,0,0,0,
1872,душистый,0,0,0,
117,парфюм,0,0,0,
2434,ароматный,0,0,0,
2657,потеть,0,0,0,
1258,смердеть,0,0,0,
1637,миазмы,0,0,0,
3149,веять,0,0,0,
2984,дух,1,1,1,NOUN: 1
1519,запах,12,12,28,"NOUN: 7, ADJ: 7, VERB_HEAD: 12, OTHER: 2"
914,зловоние,1,1,2,"ADJ: 1, VERB_HEAD: 1"
2993,душок,0,0,0,
1150,смердеть,0,0,0,
2992,парфюм,0,0,0,
1119,одеколон,0,0,0,
506,дух,2,2,4,"VERB_HEAD: 1, ADJ: 3"
331,запах,85,82,232,"VERB_HEAD: 50, ADJ: 58, NOUN: 78, VERB_CHILD: 12, PRON: 2, OTHER: 32"
3204,душистый,0,0,0,
1578,вонять,0,0,0,
913,благоухание,1,1,2,"NOUN: 1, OTHER: 1"
599,дуновение,3,3,6,"OTHER: 2, ADJ: 1, VERB_CHILD: 1, VERB_HEAD: 2"
2655,пот,7,3,7,"ADP: 1, VERB_HEAD: 3, CCONJ: 1, VERB: 2"
2146,потеть,0,0,0,
1486,парфюм,0,0,0,
1461,тухлятина,0,0,0,
1525,благоухание,0,0,0,
2765,благоухание,0,0,0,
2568,обоняние,0,0,0,
466,смердеть,0,0,0,
201,испарение,0,0,0,
2643,веять,0,0,0,
1617,разить,0,0,0,
2734,дерьмо,0,0,0,
1778,зловоние,1,1,3,"OTHER: 1, VERB_HEAD: 1, ADJ: 1"
1314,амбре,0,0,0,
2265,обонять,0,0,0,
749,веять,0,0,0,
86,запашок,0,0,0,
2307,обонять,0,0,0,
920,пригарь,0,0,0,
1843,пахучий,1,0,0,
1058,зловоние,0,0,0,
231,запашок,0,0,0,
1213,скверна,0,0,0,
873,смрад,0,0,0,
1803,одеколон,2,2,4,"VERB_HEAD: 1, NOUN: 2, OTHER: 1"
1505,веять,0,0,0,
1311,запашок,0,0,0,
640,дерьмо,0,0,0,
1053,смрад,0,0,0,
2917,навоз,3,2,6,"VERB: 1, VERB_HEAD: 2, CCONJ: 1, ADP: 2"
2774,испарение,0,0,0,
1813,благоухание,2,2,3,"NOUN: 1, OTHER: 1, VERB_HEAD: 1"
166,дуновение,0,0,0,
1648,дерьмо,0,0,0,
3393,скука,0,0,0,
2211,потный,8,4,11,"VERB_CHILD: 3, ADJ: 1, OTHER: 4, ADV: 1, PRON: 2"
2189,пот,0,0,0,
3171,букет,1,1,3,"VERB: 1, ADJ: 2"
1435,благоухать,0,0,0,
730,парфюм,0,0,0,
548,перегар,0,0,0,
1769,букет,5,5,17,"NOUN: 4, VERB_HEAD: 5, OTHER: 5, ADJ: 3"
1902,пахучий,0,0,0,
47,благовоние,0,0,0,
2180,пот,6,5,9,"ADJ: 2, VERB_HEAD: 5, OTHER: 2"
177,смердеть,0,0,0,
727,запах,1,1,2,"VERB_HEAD: 1, NOUN: 1"
2430,ароматный,0,0,0,
1405,пахнуть,0,0,0,
1231,запах,5,5,10,"ADJ: 2, OTHER: 3, VERB_HEAD: 3, NOUN: 2"
2849,букет,0,0,0,
1276,фимиам,1,1,1,VERB_HEAD: 1
110,одеколон,0,0,0,
145,дух,1,1,4,"OTHER: 1, NOUN: 1, VERB_CHILD: 2"
485,миазмы,0,0,0,
1439,чадить,0,0,0,
1388,пригарь,0,0,0,
2976,пахучий,0,0,0,
2763,душок,0,0,0,
1315,амбра,0,0,0,
2106,потный,2,0,0,
2687,навоз,0,0,0,
1453,благоухание,0,0,0,
3264,зловонный,3,0,0,
1198,парфюм,0,0,0,
3124,аромат,0,0,0,
341,миазмы,0,0,0,
2747,пот,1,1,3,"NOUN: 1, VERB_HEAD: 1, CCONJ: 1"
2241,обонять,0,0,0,
2361,нюхать,0,0,0,
1195,запах,0,0,0,
3227,зловонный,0,0,0,
192,благоухание,0,0,0,
1174,испарение,0,0,0,
101,вонять,0,0,0,
2170,потеть,0,0,0,
1575,навоз,0,0,0,
2415,ароматный,0,0,0,
689,букет,0,0,0,
522,амбре,0,0,0,
1806,вонь,1,1,2,"ADJ: 1, VERB_HEAD: 1"
674,дым,33,25,61,"VERB_HEAD: 14, NOUN: 13, ADJ: 15, OTHER: 13, VERB_CHILD: 6"
1723,благоухать,0,0,0,
1492,фимиам,0,0,0,
401,букет,0,0,0,
2191,потеть,0,0,0,
2043,благовоние,0,0,0,
2061,вонять,0,0,0,
1483,запах,8,8,22,"OTHER: 2, NOUN: 8, VERB_HEAD: 5, PRON: 1, VERB_CHILD: 1, ADJ: 5"
2613,обонять,0,0,0,
739,амбра,0,0,0,
1094,зловоние,0,0,0,
1948,душистый,0,0,0,
1110,вонять,0,0,0,
1743,запашок,0,0,0,
741,тухлятина,0,0,0,
716,попахивать,0,0,0,
897,разить,0,0,0,
3118,нюхать,0,0,0,
3113,вонючий,1,1,1,ADV: 1
1130,зловоние,0,0,0,
85,зловоние,0,0,0,
281,веять,0,0,0,
2848,аромат,2,1,3,"VERB_HEAD: 1, NOUN: 1, ADJ: 1"
2788,чадо,0,0,0,
2245,обонять,0,0,0,
2663,одеколон,0,0,0,
2728,испарение,0,0,0,
2324,обоняние,1,1,1,VERB_HEAD: 1
21,испарение,0,0,0,
2119,потеть,0,0,0,
1814,зловоние,4,3,4,"VERB_HEAD: 3, ADJ: 1"
3216,зловонный,0,0,0,
1027,амбра,0,0,0,
1832,попахивать,0,0,0,
2880,чадо,0,0,0,
635,дуновение,1,1,4,"VERB_HEAD: 1, OTHER: 2, VERB_CHILD: 1"
2893,одеколон,0,0,0,
151,перегар,0,0,0,
1346,зловоние,0,0,0,
2252,обоняние,0,0,0,
620,перегар,0,0,0,
3257,зловонный,0,0,0,
3155,чадить,0,0,0,
67,попахивать,0,0,0,
673,скверна,0,0,0,
1377,смрад,0,0,0,
2084,пот,6,5,7,"OTHER: 1, NOUN: 2, VERB_HEAD: 4"
2066,чадить,0,0,0,
2383,нюхать,0,0,0,
2086,потеть,0,0,0,
1638,амбре,0,0,0,
783,навоз,0,0,0,
2651,пахнуть,0,0,0,
2708,дух,0,0,0,
2360,нюхать,0,0,0,
2330,обоняние,0,0,0,
1071,навоз,0,0,0,
540,чадо,0,0,0,
2445,ароматный,2,0,0,
3038,парфюм,0,0,0,
1739,душок,0,0,0,
3313,скука,3,3,9,"ADJ: 4, PUNCT: 1, DET: 1, VERB_HEAD: 2, CCONJ: 1"
464,попахивать,0,0,0,
277,скверна,0,0,0,
3043,запашок,0,0,0,
1980,пахучий,1,0,0,
2327,обонять,0,0,0,
284,попахивать,0,0,0,
2794,потный,0,0,0,
2368,нюхать,0,0,0,
1254,вонять,0,0,0,
2367,нюхать,0,0,0,
3096,испарение,0,0,0,
3023,пот,7,7,14,"ADJ: 3, VERB_HEAD: 6, ADV: 1, ADP: 4"
2481,букет,5,3,8,"ADP: 1, PART: 2, VERB_HEAD: 1, NOUN: 2, NUM: 2"
1073,веять,0,0,0,
588,благовоние,1,1,2,"VERB_HEAD: 1, ADJ: 1"
1019,душок,0,0,0,
439,запах,160,153,379,"OTHER: 27, VERB_HEAD: 127, ADJ: 82, PRON: 3, NOUN: 126, VERB_CHILD: 14"
206,навоз,0,0,0,
1773,смрад,2,2,5,"NOUN: 1, OTHER: 1, ADJ: 1, VERB_HEAD: 2"
2350,нюхать,0,0,0,
2478,дух,1,1,1,ADV: 1
275,дуновение,0,0,0,
1801,пахнуть,0,0,0,
2635,тухлятина,0,0,0,
2480,аромат,0,0,0,
2869,скверна,0,0,0,
136,веять,0,0,0,
1459,амбра,0,0,0,
3103,веять,0,0,0,
3369,скука,0,0,0,
1868,пахучий,2,0,0,
1499,дуновение,0,0,0,
1040,попахивать,0,0,0,
403,запах,9,9,23,"VERB_HEAD: 8, ADJ: 5, OTHER: 3, NOUN: 7"
1597,благоухание,1,1,2,"NOUN: 1, OTHER: 1"
654,вонь,1,1,3,"OTHER: 1, NOUN: 1, VERB_HEAD: 1"
33,смердеть,0,0,0,
1643,дуновение,0,0,0,
1858,пахучий,0,0,0,
2744,душистый,0,0,0,
1339,запах,13,11,28,"ADJ: 7, NOUN: 6, VERB_CHILD: 3, VERB_HEAD: 8, OTHER: 4"
2648,смердеть,0,0,0,
23,ладан,0,0,0,
2713,запах,1,1,3,"NOUN: 2, VERB_HEAD: 1"
1521,смрад,0,0,0,
2550,дерьмо,0,0,0,
1855,пахучий,0,0,0,
552,благовоние,1,1,4,"VERB_CHILD: 1, VERB_HEAD: 1, OTHER: 1, NOUN: 1"
2548,дым,6,5,7,"NOUN: 2, VERB_HEAD: 4, PUNCT: 1"
959,дуновение,0,0,0,
1983,пахучий,0,0,0,
2518,потный,0,0,0,
1187,чадить,0,0,0,
345,тухлятина,0,0,0,
2363,нюхать,0,0,0,
2355,нюхать,0,0,0,
2960,ладан,0,0,0,
3008,дым,7,7,12,"ADP: 2, VERB: 1, VERB_HEAD: 4, NOUN: 3, CCONJ: 2"
957,тухлятина,0,0,0,
1065,тухлятина,0,0,0,
1795,благоухать,0,0,0,
197,амбре,0,0,0,
999,навоз,0,0,0,
1536,ладан,0,0,0,
707,дуновение,0,0,0,
759,одеколон,0,0,0,
482,зловоние,0,0,0,
2802,аромат,0,0,0,
2810,благовоние,0,0,0,
2621,запах,14,13,40,"DET: 5, ADV: 2, PRON: 2, CCONJ: 1, VERB: 3, NOUN: 7, PART: 1, PROPN: 1, ADP: 3, VERB_HEAD: 9, ADJ: 6"
2014,испарение,1,1,2,"NOUN: 1, VERB_HEAD: 1"
1236,благовоние,0,0,0,
2161,потеть,0,0,0,
420,ладан,0,0,0,
1651,благоухать,0,0,0,
3389,скука,4,4,6,"NOUN: 1, VERB_HEAD: 3, PART: 2"
845,миазмы,0,0,0,
1985,вонючий,0,0,0,
1069,скверна,0,0,0,
2461,ароматный,0,0,0,
2100,потный,4,1,3,"VERB_HEAD: 1, OTHER: 1, NOUN: 1"
1043,чадить,0,0,0,
2240,обоняние,1,1,4,"NOUN: 1, OTHER: 2, VERB_CHILD: 1"
602,дым,0,0,0,
691,запах,0,0,0,
697,благоухание,0,0,0,
2604,чадо,0,0,0,
3147,навоз,0,0,0,
2112,потный,1,0,0,
104,разить,0,0,0,
1032,ладан,12,7,11,"OTHER: 1, VERB_HEAD: 4, ADJ: 4, NOUN: 2"
1591,запах,25,22,64,"OTHER: 22, VERB_CHILD: 1, ADJ: 13, PRON: 5, VERB_HEAD: 9, NOUN: 14"
1988,вонючий,0,0,0,
397,пахнуть,0,0,0,
2569,ароматный,0,0,0,
427,благоухать,0,0,0,
2934,нюхать,1,1,2,NOUN: 2
3165,обонять,0,0,0,
179,чадо,0,0,0,
1652,попахивать,0,0,0,
1518,вонь,2,2,5,"ADJ: 3, VERB_HEAD: 2"
3241,зловонный,0,0,0,
1819,амбра,0,0,0,
2693,разить,0,0,0,
2973,пахнуть,0,0,0,
445,благоухание,0,0,0,
2573,букет,1,1,3,"CCONJ: 1, VERB: 1, ADJ: 1"
3139,амбра,0,0,0,
889,скверна,0,0,0,
2487,душок,1,1,2,"VERB_HEAD: 1, DET: 1"
1746,амбре,0,0,0,
692,перегар,0,0,0,
2174,пот,0,0,0,
3076,дух,0,0,0,
1237,благоухание,0,0,0,
2019,навоз,0,0,0,
3232,зловонный,0,0,0,
1818,амбре,0,0,0,
603,навоз,0,0,0,
2638,ладан,0,0,0,
383,дуновение,2,2,6,"VERB_HEAD: 2, ADJ: 2, NOUN: 2"
7,перегар,0,0,0,
3261,зловонный,0,0,0,
757,пахнуть,0,0,0,
1600,фимиам,0,0,0,
771,запашок,0,0,0,
3089,запашок,0,0,0,
2847,одеколон,0,0,0,
1582,смердеть,0,0,0,
1763,чадить,0,0,0,
3413,скука,19,14,30,"CCONJ: 1, AUX: 1, ADJ: 4, NOUN: 2, VERB: 4, PRON: 2, PART: 2, VERB_HEAD: 10, DET: 2, PUNCT: 2"
319,благоухать,0,0,0,
3363,скука,0,0,0,
1417,благоухание,0,0,0,
3036,перегар,0,0,0,
3228,зловонный,0,0,0,
2739,разить,0,0,0,
3293,скука,0,0,0,
2779,навоз,0,0,0,
3205,вонючий,0,0,0,
3052,ладан,1,1,2,"VERB_HEAD: 1, ADP: 1"
267,запашок,0,0,0,
2859,запашок,0,0,0,
2941,букет,0,0,0,
1817,миазмы,2,2,10,"PRON: 1, NOUN: 4, VERB_HEAD: 1, OTHER: 4"
2192,пот,0,0,0,
861,разить,0,0,0,
2269,обонять,0,0,0,
162,амбра,0,0,0,
738,амбре,0,0,0,
2500,ладан,0,0,0,
797,букет,1,1,3,"VERB_HEAD: 1, NOUN: 1, OTHER: 1"
1633,благоухание,0,0,0,
582,вонь,0,0,0,
1095,запашок,0,0,0,
1958,вонючий,0,0,0,
2812,зловоние,0,0,0,
1973,вонючий,0,0,0,
2013,тухлятина,0,0,0,
2832,смердеть,0,0,0,
237,тухлятина,0,0,0,
2141,пот,1,1,1,ADJ: 1
337,благоухание,0,0,0,
1689,разить,0,0,0,
1699,запах,15,15,51,"VERB_HEAD: 14, ADJ: 17, OTHER: 7, VERB_CHILD: 4, NOUN: 9"
2966,вонять,0,0,0,
569,веять,0,0,0,
452,пригарь,0,0,0,
200,тухлятина,0,0,0,
2585,миазмы,0,0,0,
2337,нюхать,0,0,0,
990,амбре,0,0,0,
685,пахнуть,0,0,0,
905,букет,3,3,5,"VERB_HEAD: 2, OTHER: 2, NOUN: 1"
1379,душок,0,0,0,
973,пахнуть,0,0,0,
79,перегар,0,0,0,
1532,пригарь,0,0,0,
1925,вонючий,1,1,3,"OTHER: 2, VERB_HEAD: 1"
1895,вонючий,0,0,0,
3324,тоска,1,1,1,VERB_HEAD: 1
2884,пахучий,0,0,0,
2629,запашок,0,0,0,
1448,перегар,0,0,0,
3044,фимиам,0,0,0,
17,амбре,0,0,0,
3062,смердеть,0,0,0,
1290,вонять,0,0,0,
3401,скука,0,0,0,
1070,дым,3,2,2,"VERB_HEAD: 1, ADJ: 1"
997,скверна,0,0,0,
1029,тухлятина,0,0,0,
3183,миазмы,0,0,0,
3166,обоняние,0,0,0,
1211,дуновение,0,0,0,
1393,скверна,0,0,0,
83,благовоние,0,0,0,
63,дерьмо,0,0,0,
2875,благоухать,0,0,0,
1294,смердеть,0,0,0,
274,испарение,0,0,0,
1304,перегар,0,0,0,
1590,вонь,0,0,0,
1904,вонючий,0,0,0,
801,смрад,0,0,0,
1302,вонь,0,0,0,
223,запах,8,7,28,"ADJ: 7, OTHER: 8, VERB_CHILD: 1, VERB_HEAD: 6, PRON: 1, NOUN: 5"
3006,ладан,0,0,0,
2002,парфюм,0,0,0,
2589,тухлятина,0,0,0,
1288,дерьмо,0,0,0,
2070,вонючий,1,0,0,
3376,тоска,25,20,38,"PART: 3, PRON: 1, ADJ: 4, NOUN: 5, DET: 2, VERB: 2, PUNCT: 1, VERB_HEAD: 18, PROPN: 2"
1093,благоухание,0,0,0,
1076,попахивать,0,0,0,
968,попахивать,0,0,0,
16,миазмы,0,0,0,
1659,одеколон,3,1,1,VERB_HEAD: 1
326,дух,0,0,0,
3120,обоняние,1,0,0,
371,душок,0,0,0,
1939,душистый,0,0,0,
1450,парфюм,0,0,0,
2637,дуновение,0,0,0,
183,аромат,0,0,0,
2997,запашок,0,0,0,
2787,чадить,0,0,0,
656,перегар,0,0,0,
3314,тоска,5,5,12,"NOUN: 2, VERB: 2, VERB_HEAD: 3, ADJ: 3, DET: 1, PROPN: 1"
2033,дух,0,0,0,
122,запашок,0,0,0,
3022,пахучий,0,0,0,
648,чадо,0,0,0,
570,вонять,0,0,0,
923,дуновение,0,0,0,
1014,вонь,4,2,4,"VERB_HEAD: 1, OTHER: 2, ADJ: 1"
530,дым,10,9,24,"NOUN: 5, VERB_HEAD: 7, VERB_CHILD: 1, OTHER: 5, ADJ: 6"
536,попахивать,0,0,0,
1715,дуновение,0,0,0,
3221,зловонный,0,0,0,
55,пригарь,0,0,0,
790,смердеть,0,0,0,
2850,вонь,0,0,0,
